Discrepancy Questionnaire,,,
please only edit cells which are formatted with outlines,,,
,,,
Gene,FOXE3,,
Paper,PMID: 34046667 - Comprehensive phenotypic and functional analysis of dominant and recessive FOXE3 alleles in ocular developmental disorders.,,
Link,https://www.ncbi.nlm.nih.gov/pmc/articles/PMC8369840/,,
,,,
,Q46. The paper 34046667 discusses the phenotype for the individual '9b' with variant 'c.291C>G'. Select all phenotypes possessed by the individual:,,
,,TRUE,Autism (HP:0000717)
,,TRUE,Intellectual disability (HP:0001249)
,,[Optional] Note:,"Corneal opacity. Microphthalmia, optic nerve atrophy, congenital glaucoma are the main symptoms listed in the table. ""Clinical features were typically limited to ocular anomalies, but in one family (Individuals 9A and 9B), intellectual disability and autism were also present"". The paper isn't really about ID or autism, just a side note really."
,,,
,Q59. What type of study is the paper 34046667?,,
,,Case series,
,,[Optional] Note:,
,,,
,Q90. The paper 34046667 discusses the inheritance pattern for the variant 'c.21_24del' possessed by the individual '2a'. What is the actual inheritance pattern in this case?,,
,,Inherited,
,,[Optional] Note:,"Homozygous (listed in the table as 'Hom'). As a foot note in the table ""Presumed homozygous (consanguineous)"", so segrgeation probably wasn't done in the orginial paper, but we can reasonabley assume it does segregate."
,,,
,Q91. The paper 34046667 discusses the inheritance pattern for the variant 'c.21_24del' possessed by the individual '2b'. What is the actual inheritance pattern in this case?,,
,,Inherited,
,,[Optional] Note:,"Homozygous (listed in the table as 'Hom'). As a foot note in the table ""Presumed homozygous (consanguineous)"", so segrgeation probably wasn't done in the orginial paper, but we can reasonabley assume it does segregate."
,,,
,Q92. The paper 34046667 discusses the inheritance pattern for the variant 'c.21_24del' possessed by the individual '2c'. What is the actual inheritance pattern in this case?,,
,,Inherited,
,,[Optional] Note:,"Homozygous (listed in the table as 'Hom'). As a foot note in the table ""Presumed homozygous (consanguineous)"", so segrgeation probably wasn't done in the orginial paper, but we can reasonabley assume it does segregate."
,,,
,Q93. The paper 34046667 discusses the inheritance pattern for the variant 'c.244A>G' possessed by the individual '6'. What is the actual inheritance pattern in this case?,,
,,Inherited,
,,[Optional] Note:,"Homozygous (listed in the table as 'Hom'). In the methods it states ""Homozygous genotypes were confirmed by trio segregation"""
,,,
,Q94. The paper 34046667 discusses the inheritance pattern for the variant 'c.291C>G' possessed by the individual '9a'. What is the actual inheritance pattern in this case?,,
,,Inherited,
,,[Optional] Note:,"Homozygous (listed in the table as 'Hom'). In the methods it states ""Homozygous genotypes were confirmed by trio segregation"""
,,,
,Q95. The paper 34046667 discusses the inheritance pattern for the variant 'c.291C>G' possessed by the individual '9b'. What is the actual inheritance pattern in this case?,,
,,Inherited,
,,[Optional] Note:,"Homozygous (listed in the table as 'Hom'). In the methods it states ""Homozygous genotypes were confirmed by trio segregation"""
,,,
,Q96. The paper 34046667 discusses the inheritance pattern for the variant 'c.359G>C' possessed by the individual '10a'. What is the actual inheritance pattern in this case?,,
,,Inherited,
,,[Optional] Note:,"Homozygous (listed in the table as 'Hom'). In the methods it states ""Homozygous genotypes were confirmed by trio segregation"""
,,,
,Q97. The paper 34046667 discusses the inheritance pattern for the variant 'c.359G>C' possessed by the individual '10b'. What is the actual inheritance pattern in this case?,,
,,Inherited,
,,[Optional] Note:,"Homozygous (listed in the table as 'Hom'). In the methods it states ""Homozygous genotypes were confirmed by trio segregation"""
,,,
,Q98. The paper 34046667 discusses the inheritance pattern for the variant 'c.359G>C' possessed by the individual '10c'. What is the actual inheritance pattern in this case?,,
,,Inherited,
,,[Optional] Note:,"Homozygous (listed in the table as 'Hom'). In the methods it states ""Homozygous genotypes were confirmed by trio segregation"""
,,,
,Q99. The paper 34046667 discusses the inheritance pattern for the variant 'c.720C>A' possessed by the individual '14a'. What is the actual inheritance pattern in this case?,,
,,Inherited,
,,[Optional] Note:,"Homozygous (listed in the table as 'Hom'). In the methods it states ""Homozygous genotypes were confirmed by trio segregation"""
,,,
,Q100. The paper 34046667 discusses the inheritance pattern for the variant 'c.720C>A' possessed by the individual '14b'. What is the actual inheritance pattern in this case?,,
,,Inherited,
,,[Optional] Note:,"Homozygous (listed in the table as 'Hom'). In the methods it states ""Homozygous genotypes were confirmed by trio segregation"""
,,,
,Q101. The paper 34046667 discusses the inheritance pattern for the variant 'c.958T>C' possessed by the individual '16c'. What is the actual inheritance pattern in this case?,,
,,Unknown,
,,[Optional] Note:,"heterozygous, listed in the table as 'Het'. No mention of 'de novo' or other affected family members in this paper, but this case was orginally reported in another paper and this info would be there"
,,,
,Q102. The paper 34046667 discusses the inheritance pattern for the variant 'c.958T>C' possessed by the individual '16d'. What is the actual inheritance pattern in this case?,,
,,Unknown,
,,[Optional] Note:,"heterozygous, listed in the table as 'Het'. No mention of 'de novo' or other affected family members in this paper, but this case was orginally reported in another paper and this info would be there"
,,,
,Q103. The paper 34046667 discusses the inheritance pattern for the variant 'c.959G>C' possessed by the individual '15a'. What is the actual inheritance pattern in this case?,,
,,Unknown,
,,[Optional] Note:,"heterozygous, listed in the table as 'Het'. No mention of 'de novo' or other affected family members in this paper, but this case was orginally reported in another paper and this info would be there"
,,,
,Q104. The paper 34046667 discusses the inheritance pattern for the variant 'c.959G>C' possessed by the individual '15c'. What is the actual inheritance pattern in this case?,,
,,Unknown,
,,[Optional] Note:,"heterozygous, listed in the table as 'Het'. No mention of 'de novo' or other affected family members in this paper, but this case was orginally reported in another paper and this info would be there"
,,,
,Q107. The paper 34046667 discusses the inheritance pattern for the variant 'c.371C>T' possessed by the individual '12'. What is the actual inheritance pattern in this case?,,
,,Inherited,
,,[Optional] Note:,"Homozygous (listed in the table as 'Hom'). In the methods it states ""Homozygous genotypes were confirmed by trio segregation"""
,,,
,Q118. The paper 34046667 discusses the variant type for c.21_24del. What is the actual variant type in this case?,,
,,Frameshift,
,,[Optional] Note:,"Might be easier to get this info from VEP in a downstream step, rather than mine the text for this."
,,,
,Q119. The paper 34046667 discusses the variant type for c.958T>C. What is the actual variant type in this case?,,
,,Stop lost,
,,[Optional] Note:,
,,,
,Q120. The paper 34046667 discusses the variant type for c.959G>C. What is the actual variant type in this case?,,
,,Stop lost,
,,[Optional] Note:,
,,,
,Q302. The paper 34046667 discusses the variant c.146G>C in FOXE3 in the primary proband or an unknown/unnamed individual.,,
,,This is completely correct,
,,[Optional] Note:,"In an unknown/unanamed individual not in the table because it has been ruled out benign. Only mentioned in the intro: ""an additional heterozygous missense variant [c.146G?>?C p.(Gly49Ala)] was initially reported to be causative in a family with ocular disease but later shown to be a population-specific variant"""
,,,
,Q303. The paper 34046667 discusses the variant c.148_170del in FOXE3 in the individual '3'.,,
,,This variant is either invalid or it is not discussed in the paper,
,,[Optional] Note:,"Typo, c.148_170dup exists, but c.148_170del does not"
,,,
,Q304. The paper 34046667 discusses the variant c.21_24del in FOXE3 in the individual '1'.,,
,,This is completely correct,
,,[Optional] Note:,"It is stated that individual has this variant in the table, but in the text it describes this variant without specifying the individual."
,,,
,Q305. The paper 34046667 discusses the variant c.244A>G in FOXE3 in the individual '5'.,,
,,This is completely correct,
,,[Optional] Note:,"It is stated that individual has this variant in the table, but in the text it describes this variant without specifying the individual."
,,,
,Q306. The paper 34046667 discusses the variant c.286G>A in FOXE3 in the individual '4'.,,
,,This is completely correct,
,,[Optional] Note:,"It is stated that individual has this variant in the table, but in the text it describes this variant without specifying the individual."
,,,
,Q307. The paper 34046667 discusses the variant c.543del in FOXE3 in the individual '7a'.,,
,,This is completely correct,
,,[Optional] Note:,"It is stated that individual has this variant in the table, but in the text it describes this variant without specifying the individual."
,,,
,Q308. The paper 34046667 discusses the variant c.543del in FOXE3 in the individual '7b'.,,
,,This is completely correct,
,,[Optional] Note:,"It is stated that individual has this variant in the table, but in the text it describes this variant without specifying the individual."
,,,
,Q309. The paper 34046667 discusses the variant c.844_850dup in FOXE3 in the individual '11a'.,,
,,This is completely correct,
,,[Optional] Note:,"It is stated that individual has this variant in the table, but in the text it describes this variant without specifying the individual."
,,,
,Q310. The paper 34046667 discusses the variant c.844_850dup in FOXE3 in the individual '11b'.,,
,,This is completely correct,
,,[Optional] Note:,"It is stated that individual has this variant in the table, but in the text it describes this variant without specifying the individual."
,,,
,Q317. The paper 34046667 discusses the variant c.148_170dup in FOXE3 in the individual '3'.,,
,,This is completely correct,
,,[Optional] Note:,"It is stated that individual has this variant in the table, but in the text it describes this variant without specifying the individual."
,,,
,,,
Gene,FOXE3,,
Paper,PMID: 34434212 - Emerging Trends and Research Foci in Cataract Genes: A Bibliometric and Visualized Study.,,
Link,https://www.ncbi.nlm.nih.gov/pmc/articles/PMC8381374/,,
,,,
,Q211. The paper 34434212 discusses one or more human genetic variants in the gene FOXE3.,,
,,FALSE,
,,[Optional] Note:,What an odd paper! Metanalysis about papers published in this field in general with no specific mention of variants and disease.
,,,
,,,
Gene,FOXE3,,
Paper,PMID: 36359912 - Generation of Lens Progenitor Cells and Lentoid Bodies from Pluripotent Stem Cells: Novel Tools for Human Lens Development and Ocular Disease Etiology.,,
Link,https://www.ncbi.nlm.nih.gov/pmc/articles/PMC9658148/,,
,,,
,Q212. The paper 36359912 discusses one or more human genetic variants in the gene FOXE3.,,
,,Other (see note),
,,[Optional] Note:,"Technically true, but shouldn’t be returned in the evagg table. Variants are mentioned in table 4 as examples of variants to model using organoids. They didn't actually model these variants and there is no patient data."
,,,
,,,
Gene,GRXCR2,,
Paper,PMID: 28383030 - Genetic Predisposition to Sporadic Congenital Hearing Loss in a Pediatric Population.,,
Link,https://www.ncbi.nlm.nih.gov/pmc/articles/PMC5382691/,,
,,,
,Q174. The paper 28383030 discusses one or more human genetic variants in the gene GRXCR2.,,
,,Other (see note),
,,[Optional] Note:,Variant details are in supplementary table S6 only because it is a VUS (I think). Individual phenoytpes are mentioned in the main text.
,,,
,,,
Gene,GRXCR2,,
Paper,PMID: 30157177 - Grxcr2 is required for stereocilia morphogenesis in the cochlea.,,
Link,https://www.ncbi.nlm.nih.gov/pmc/articles/PMC6114524/,,
,,,
,Q175. The paper 30157177 discusses one or more human genetic variants in the gene GRXCR2.,,
,,TRUE,
,,[Optional] Note:,This paper is mostly about a knockout mouse model. There is a small section about screening for this gene in hearing loss populations.
,,,
,Q256. The paper 30157177 discusses the variant p.Glu69Lys in GRXCR2 in the primary proband or an unknown/unnamed individual.,,
,,This is completely correct,
,,[Optional] Note:,"Mentioned in the text but most details of the variants are included in the supplementary. Phenotype data is vague ""We screened a large panel of probands diagnosed with congenital, severe-to-profound, nonsyndromic deafness for evidence of GRXCR2 variants."" with the final conclusion ""Alterations in GRXCR2 are therefore unlikely to underlie hearing loss in these cohorts."""
,,,
,Q257. The paper 30157177 discusses the variant p.Gly98Asp in GRXCR2 in the primary proband or an unknown/unnamed individual.,,
,,This is completely correct,
,,[Optional] Note:,"Mentioned in the text but most details of the variants are included in the supplementary. Phenotype data is vague ""We screened a large panel of probands diagnosed with congenital, severe-to-profound, nonsyndromic deafness for evidence of GRXCR2 variants."" with the final conclusion ""Alterations in GRXCR2 are therefore unlikely to underlie hearing loss in these cohorts."""
,,,
,Q259. The paper 30157177 discusses the variant p.Leu181Phe in GRXCR2 in the primary proband or an unknown/unnamed individual.,,
,,This is completely correct,
,,[Optional] Note:,"Mentioned in the text but most details of the variants are included in the supplementary. Phenotype data is vague ""We screened a large panel of probands diagnosed with congenital, severe-to-profound, nonsyndromic deafness for evidence of GRXCR2 variants."" with the final conclusion ""Alterations in GRXCR2 are therefore unlikely to underlie hearing loss in these cohorts."""
,,,
,Q260. The paper 30157177 discusses the variant p.Ser52Asn in GRXCR2 in the primary proband or an unknown/unnamed individual.,,
,,This is completely correct,
,,[Optional] Note:,"Mentioned in the text but most details of the variants are included in the supplementary. Phenotype data is vague ""We screened a large panel of probands diagnosed with congenital, severe-to-profound, nonsyndromic deafness for evidence of GRXCR2 variants."" with the final conclusion ""Alterations in GRXCR2 are therefore unlikely to underlie hearing loss in these cohorts."""
,,,
,,,
Gene,JPH2,,
Paper,PMID: 29165669 - ClinVar: improving access to variant interpretations and supporting evidence.,,
Link,https://www.ncbi.nlm.nih.gov/pmc/articles/PMC5753237/,,
,,,
,Q177. The paper 29165669 discusses one or more human genetic variants in the gene JPH2.,,
,,FALSE,
,,[Optional] Note:,Nothing to do with JPH2. Typo?
,,,
,,,
Gene,JPH2,,
Paper,PMID: 34394822 - Targeting JP2: A New Treatment for Pulmonary Hypertension.,,
Link,https://www.ncbi.nlm.nih.gov/pmc/articles/PMC8363443/,,
,,,
,Q178. The paper 34394822 discusses one or more human genetic variants in the gene JPH2.,,
,,FALSE,
,,[Optional] Note:,More about JPH2 (aka JP2) as a drug target. No mention of variants that I could see.
,,,
,,,
Gene,JPH2,,
Paper,PMID: 35001666 - The role of junctophilin proteins in cellular function.,,
Link,https://www.ncbi.nlm.nih.gov/pmc/articles/PMC8934682/,,
,,,
,Q16. The paper 35001666 discusses the phenotype for the primary proband or an unknown/unnamed individual with variant 'c.1513G>A'. Select all phenotypes possessed by the individual:,,
,,TRUE,Hyperdynamic left ventricular ejection fraction (HP:0034313)
,,Other (see note),Deep S wave in lead V5 (HP:0032197)
,,FALSE,Dilated cardiomyopathy (HP:0001644)
,,TRUE,Sudden cardiac death (HP:0001645)
,,TRUE,Abnormal ST segment (HP:0012249)
,,TRUE,Hypertrophic cardiomyopathy (HP:0001639)
,,TRUE,Ventricular septal hypertrophy (HP:0005144)
,,[Optional] Note:,"""Deep Q wave"" is written in the table, I don't think this is the same as ""Deep S wave in lead V5"" but I'm no heart doctor and I honestly have no idea. "
,,,
,Q17. The paper 35001666 discusses the phenotype for the primary proband or an unknown/unnamed individual with variant 'c.163C>G'. Select all phenotypes possessed by the individual:,,
,,TRUE,Amyloidosis (HP:0011034)
,,[Optional] Note:,"Also has hypertrophic cardiomyopathy, diastolic dysfunction, atrial enlargement"
,,,
,Q18. The paper 35001666 discusses the phenotype for the primary proband or an unknown/unnamed individual with variant 'c.1920dup'. Select all phenotypes possessed by the individual:,,
,,TRUE,Sudden death (HP:0001699)
,,[Optional] Note:,"also has DCM, severe LV systolic dysfunction, HF (2 patients); 1 Epstein anomaly and progressive LV failure following surgery"
,,,
,Q19. The paper 35001666 discusses the phenotype for the primary proband or an unknown/unnamed individual with variant 'c.424G>T'. Select all phenotypes possessed by the individual:,,
,,FALSE,Hypertrophic cardiomyopathy (HP:0001639)
,,FALSE,Chronic villitis (HP:0033552)
,,[Optional] Note:,"only specifies 'unknown'. It might have gotten it from ""Variants in three consecutive residues (Tyr141, Gln142, and Val143) cause HCM or predicted LOF."" (the table in this paper is truly awful)"
,,,
,Q20. The paper 35001666 discusses the phenotype for the primary proband or an unknown/unnamed individual with variant 'p.Arg643Ter'. Select all phenotypes possessed by the individual:,,
,,FALSE,Hypertrophic cardiomyopathy (HP:0001639)
,,FALSE,Dilated cardiomyopathy (HP:0001644)
,,[Optional] Note:,gnomAD variant
,,,
,Q21. The paper 35001666 discusses the phenotype for the primary proband or an unknown/unnamed individual with variant 'p.Gly21Ter'. Select all phenotypes possessed by the individual:,,
,,FALSE,Cardiomyopathy (HP:0001638)
,,[Optional] Note:,gnomAD variant
,,,
,Q22. The paper 35001666 discusses the phenotype for the primary proband or an unknown/unnamed individual with variant 'p.Val143fs'. Select all phenotypes possessed by the individual:,,
,,FALSE,Hypertrophic cardiomyopathy (HP:0001639)
,,[Optional] Note:,gnomAD variant
,,,
,Q69. The paper 35001666 discusses the inheritance pattern for the variant 'c.1213G>T' possessed by the primary proband or an unknown/unnamed individual. What is the actual inheritance pattern in this case?,,
,,De novo,
,,[Optional] Note:,
,,,
,Q109. The paper 35001666 discusses the variant type for c.1083G>A. What is the actual variant type in this case?,,
,,Missense,
,,[Optional] Note:,
,,,
,Q110. The paper 35001666 discusses the variant type for c.1513G>A. What is the actual variant type in this case?,,
,,Missense,
,,[Optional] Note:,Typo in table! p.Gly505STer in table but p.Gly505Ser in text.
,,,
,Q111. The paper 35001666 discusses the variant type for c.2006_2010+1dup. What is the actual variant type in this case?,,
,,Splice region,
,,[Optional] Note:,This is a bit ambigous and might also be consdiered a frameshift or even intronic variant. I would need to assess the genomic context properly to answer this question accurately.
,,,
,Q112. The paper 35001666 discusses the variant type for c.424G>T. What is the actual variant type in this case?,,
,,Stop gained,
,,[Optional] Note:,
,,,
,Q113. The paper 35001666 discusses the variant type for c.493_514delinsC. What is the actual variant type in this case?,,
,,Indel,
,,[Optional] Note:,
,,,
,Q114. The paper 35001666 discusses the variant type for c.494C>T. What is the actual variant type in this case?,,
,,Missense,
,,[Optional] Note:,
,,,
,Q115. The paper 35001666 discusses the variant type for c.559G>A. What is the actual variant type in this case?,,
,,Missense,
,,[Optional] Note:,
,,,
,Q127. The paper 35001666 discusses the zygosity for the variant 'c.1213G>T' possessed by the primary proband or an unknown/unnamed individual. What is the actual zygosity in this case?,,
,,Heterozygous,
,,[Optional] Note:,inferred from 'de novo'
,,,
,Q128. The paper 35001666 discusses the zygosity for the variant 'c.1240A>C' possessed by the primary proband or an unknown/unnamed individual. What is the actual zygosity in this case?,,
,,Compound heterozygous,
,,[Optional] Note:,uses 'HZ' in table to mean heterozygous
,,,
,Q129. The paper 35001666 discusses the zygosity for the variant 'c.1282C>T' possessed by the primary proband or an unknown/unnamed individual. What is the actual zygosity in this case?,,
,,Unknown,
,,[Optional] Note:,
,,,
,Q130. The paper 35001666 discusses the zygosity for the variant 'c.1513G>A' possessed by the primary proband or an unknown/unnamed individual. What is the actual zygosity in this case?,,
,,Heterozygous,
,,[Optional] Note:,inferred from 'AD'
,,,
,Q131. The paper 35001666 discusses the zygosity for the variant 'c.1920dup' possessed by the primary proband or an unknown/unnamed individual. What is the actual zygosity in this case?,,
,,Unknown,
,,[Optional] Note:,looks like it mentions multiple families with this variant in the same row in this table? Alledegly a mix of inheritance. My goodness this table is awful.
,,,
,Q132. The paper 35001666 discusses the zygosity for the variant 'c.253G>A' possessed by the primary proband or an unknown/unnamed individual. What is the actual zygosity in this case?,,
,,Heterozygous,
,,[Optional] Note:,inferred from 'AD'
,,,
,Q133. The paper 35001666 discusses the zygosity for the variant 'c.301A>C' possessed by the primary proband or an unknown/unnamed individual. What is the actual zygosity in this case?,,
,,Heterozygous,
,,[Optional] Note:,inferred from 'AD'
,,,
,Q134. The paper 35001666 discusses the zygosity for the variant 'c.421T>C' possessed by the primary proband or an unknown/unnamed individual. What is the actual zygosity in this case?,,
,,Heterozygous,
,,[Optional] Note:,inferred from 'AD'
,,,
,Q135. The paper 35001666 discusses the zygosity for the variant 'c.482C>A' possessed by the primary proband or an unknown/unnamed individual. What is the actual zygosity in this case?,,
,,Heterozygous,
,,[Optional] Note:,inferred from 'AD'
,,,
,Q136. The paper 35001666 discusses the zygosity for the variant 'c.494C>T' possessed by the primary proband or an unknown/unnamed individual. What is the actual zygosity in this case?,,
,,Heterozygous,
,,[Optional] Note:,inferred from 'AD'
,,,
,Q137. The paper 35001666 discusses the zygosity for the variant 'c.709A>G' possessed by the primary proband or an unknown/unnamed individual. What is the actual zygosity in this case?,,
,,Compound heterozygous,
,,[Optional] Note:,"uses 'HZ' in table to mean heterozygous, but also says 'AD' hmmmm"
,,,
,Q261. The paper 35001666 discusses the variant p.Ala189Thr in JPH2 in the primary proband or an unknown/unnamed individual.,,
,,This is completely correct,
,,[Optional] Note:,
,,,
,Q262. The paper 35001666 discusses the variant p.Gln142Ter in JPH2 in the primary proband or an unknown/unnamed individual.,,
,,This is completely correct,
,,[Optional] Note:,
,,,
,Q263. The paper 35001666 discusses the variant p.Gly505STer in JPH2 in the primary proband or an unknown/unnamed individual.,,
,,Other (see note),
,,[Optional] Note:,Typo in the table! Correctly extracted though
,,,
,Q264. The paper 35001666 discusses the variant p.Lys361Asn in JPH2 in the primary proband or an unknown/unnamed individual.,,
,,This is completely correct,
,,[Optional] Note:,
,,,
,Q265. The paper 35001666 discusses the variant p.Ser165Asn172delinsHis in JPH2 in the primary proband or an unknown/unnamed individual.,,
,,Other (see note),
,,[Optional] Note:,Another typo! Should be p.Ser165_Asn172delinsHis
,,,
,,,
Gene,JPH2,,
Paper,"PMID: 35800456 - Variants in PRKCE and KLC1, Potential Regulators of Type I Psoriasis.",,
Link,https://www.ncbi.nlm.nih.gov/pmc/articles/PMC9255717/,,
,,,
,Q179. The paper 35800456 discusses one or more human genetic variants in the gene JPH2.,,
,,TRUE,
,,[Optional] Note:,
,,,
,,,
Gene,JPH2,,
Paper,PMID: 37371654 - The Junctophilin-2 Mutation p.(Thr161Lys) Is Associated with Hypertrophic Cardiomyopathy Using Patient-Specific iPS Cardiomyocytes and Demonstrates Prolonged Action Potential and Increased Arrhythmogenicity.,,
Link,https://www.ncbi.nlm.nih.gov/pmc/articles/PMC10295168/,,
,,,
,Q40. The paper 37371654 discusses the phenotype for the primary proband or an unknown/unnamed individual with variant 'c.482C>A'. Select all phenotypes possessed by the individual:,,
,,Other (see note),Prolonged miniature endplate currents (HP:0003436)
,,TRUE,Dyspnea (HP:0002094)
,,FALSE,Prolonged (HP:0025297)
,,[Optional] Note:,"I'm 90% sure this is false, but my cardiac jargon is not great. The most relevant HPO term would be hypertrophic cardiomyopathy. "
,,,
,,,
Gene,JPH2,,
Paper,PMID: 38438248 - Altered myocardial lipid regulation in junctophilin-2-associated familial cardiomyopathies.,,
Link,https://www.ncbi.nlm.nih.gov/pmc/articles/PMC10912815/,,
,,,
,Q180. The paper 38438248 discusses one or more human genetic variants in the gene JPH2.,,
,,TRUE,
,,[Optional] Note:,Animal model of a human missense variant equivelent
,,,
,,,
Gene,KIF1B,,
Paper,PMID: 24904291 - Deregulated expression of cytoskeleton related genes in the spinal cord and sciatic nerve of presymptomatic SOD1(G93A) Amyotrophic Lateral Sclerosis mouse model.,,
Link,https://www.ncbi.nlm.nih.gov/pmc/articles/PMC4033281/,,
,,,
,Q213. The paper 24904291 discusses one or more human genetic variants in the gene KIF1B.,,
,,Other (see note),
,,[Optional] Note:,"I'm not 100% sure of the link between this mouse model and human disease, but I think it's modelling a human missense variant? I feel like I'd need to read some of these references to be sure.  ""it is known that transgene mice expressing human mutant copper/zinc superoxide dismutase 1 (SOD1 G93A) develop clinical and pathological features similar to those seen in human ALS"""
,,,
,,,
Gene,KIF1B,,
Paper,PMID: 29113313 - Whole-exome analysis in osteosarcoma to identify a personalized therapy.,,
Link,https://www.ncbi.nlm.nih.gov/pmc/articles/PMC5655208/,,
,,,
,Q214. The paper 29113313 discusses one or more human genetic variants in the gene KIF1B.,,
,,FALSE,
,,[Optional] Note:,Technicallty yes but these are somatic variants that should not be in the truth data.
,,,
,,,
Gene,KIF1B,,
Paper,PMID: 29203804 - KIF1BÎ² increases ROS to mediate apoptosis and reinforces its protein expression through O 2- in a positive feedback mechanism in neuroblastoma.,,
Link,https://www.ncbi.nlm.nih.gov/pmc/articles/PMC5715000/,,
,,,
,Q215. The paper 29203804 discusses one or more human genetic variants in the gene KIF1B.,,
,,Other (see note),
,,[Optional] Note:,"Ambiguous. They refer to 3 KIF1B variants but they don't really mention anything about the human context of these variants, could be somatic or germline. Can't even see a reference for them!"
,,,
,,,
Gene,KIF1B,,
Paper,PMID: 29504908 - Exome analysis of carotid body tumor.,,
Link,https://www.ncbi.nlm.nih.gov/pmc/articles/PMC5836820/,,
,,,
,Q216. The paper 29504908 discusses one or more human genetic variants in the gene KIF1B.,,
,,Other (see note),
,,[Optional] Note:,"Ambigious. They describe two variants in KIF1B but I don't mention if they are germline or not. They did mention there were no KIF1B variants in the cancer cells themselves but I'm not sure if that means the mentioned variants are germline - ""No mutations in the KIF1B gene have been detected in PGLs. In this work, we identified two KIF1B mutations NM_015074: c.4717C?>?T, p.(Pro1573Ser) (chr1:10,431,229) and NM_015074: c.1579G?>?C, p.(Gly527Arg) (chr1:10,355,764)."""
,,,
,,,
Gene,KIF1B,,
Paper,PMID: 30073017 - Host and Viral Genetic Variation in HBV-Related Hepatocellular Carcinoma.,,
Link,https://www.ncbi.nlm.nih.gov/pmc/articles/PMC6060371/,,
,,,
,Q217. The paper 30073017 discusses one or more human genetic variants in the gene KIF1B.,,
,,TRUE,
,,[Optional] Note:,Mentions the SNP rs17401966 from GWAS
,,,
,,,
Gene,KIF1B,,
Paper,PMID: 33138083 - Activation of RAS Signalling is Associated with Altered Cell Adhesion in Phaeochromocytoma.,,
Link,https://www.ncbi.nlm.nih.gov/pmc/articles/PMC7663737/,,
,,,
,Q218. The paper 33138083 discusses one or more human genetic variants in the gene KIF1B.,,
,,TRUE,
,,[Optional] Note:,I assume germline based on the fact this is present in gnomAD and the authors think it benign
,,,
,,,
Gene,KIF1B,,
Paper,PMID: 33362715 - Genetic and Clinical Profiles of Pheochromocytoma and Paraganglioma: A Single Center Study.,,
Link,https://www.ncbi.nlm.nih.gov/pmc/articles/PMC7761866/,,
,,,
,Q51. The paper 33362715 discusses the phenotype for the individual '108' with variant 'c.3649C>T'. Select all phenotypes possessed by the individual:,,
,,Other (see note),Headache (HP:0002315)
,,Other (see note),Palpitations (HP:0001962)
,,Other (see note),Hyperhidrosis (HP:0000975)
,,[Optional] Note:,"Ambiguious. These were from a generalised statement and I don't know that we can know for sure this is relevant for patient 108. ""For the patients with unresectable or metastatic tumor, PPGL diagnosis was established on the basis of clinical features (headache, palpitations and sweating), increased 24-h urinary catecholamine excretion or plasma metanephrines and imaging tests."""
,,,
,Q150. The paper 33362715 discusses the zygosity for the variant 'c.3649C>T' possessed by the individual '108'. What is the actual zygosity in this case?,,
,,Heterozygous,
,,[Optional] Note:,assumed heterozygous from context
,,,
,Q301. The paper 33362715 discusses the variant c.3649C>T in KIF1B in the individual '108'.,,
,,This is completely correct,
,,[Optional] Note:,Its listed in the table only but only 1 KIF1B variant in the paper so all mentions of KIF1B relate to this variant.
,,,
,,,
Gene,KIF1B,,
Paper,PMID: 37529773 - Germline genetic variants in pheochromocytoma/paraganglioma: single-center experience.,,
Link,https://www.ncbi.nlm.nih.gov/pmc/articles/PMC10388674/,,
,,,
,Q219. The paper 37529773 discusses one or more human genetic variants in the gene KIF1B.,,
,,Other (see note),
,,[Optional] Note:,"Yes, but details are only in the supplemental. Ashley, Emily and Sam disscussed and we think this currently wouldn't be included in the Evagg table (false)"
,,,
,,,
Gene,KIF1B,,
Paper,PMID: 37780619 - Case Report: A 65-year-old man with paraganglioma accompanied by elevated interleukin-6 levels and KIF1B single gene mutation.,,
Link,https://www.ncbi.nlm.nih.gov/pmc/articles/PMC10538641/,,
,,,
,Q47. The paper 37780619 discusses the phenotype for the primary proband or an unknown/unnamed individual with variant 'c.4660G>C'. Select all phenotypes possessed by the individual:,,
,,TRUE,Respiratory failure (HP:0002878)
,,FALSE,Elevated circulating hepatic transaminase concentration (HP:0002910)
,,TRUE,Abnormality of the liver (HP:0001392)
,,TRUE,Eczematoid dermatitis (HP:0000964)
,,TRUE,Right ventricular failure (HP:0001708)
,,TRUE,Tachycardia (HP:0001649)
,,FALSE,Ecchymosis (HP:0031364)
,,TRUE,Palpitations (HP:0001962)
,,TRUE,Dyspnea (HP:0002094)
,,TRUE,Thrombocytosis (HP:0001894)
,,TRUE,Tricuspid regurgitation (HP:0005180)
,,TRUE,Fatigue (HP:0012378)
,,TRUE,Increased circulating interleukin 6 concentration (HP:0030783)
,,TRUE,Anemia (HP:0001903)
,,TRUE,Paraganglioma (HP:0002668)
,,TRUE,Hypochromic microcytic anemia (HP:0004840)
,,TRUE,Fundic gland polyposis (HP:0033769)
,,TRUE,Right atrial enlargement (HP:0030718)
,,TRUE,Edema (HP:0000969)
,,Other (see note),Capillary leak (HP:0030005)
,,TRUE,Pulmonary arterial hypertension (HP:0002092)
,,TRUE,Fever (HP:0001945)
,,[Optional] Note:,"increased CRP levels were mentioned which I believe is different from ""Elevated circulating hepatic transaminase concentration (HP:0002910)"". Also mention of ""easy bleeding when touching"" in relation to the gastroscopy examination but I don't think that is ecchymosis? Might be capillary leak?"
,,,
,Q312. The paper 37780619 discusses the variant c.10428570G>C in KIF1B in the primary proband or an unknown/unnamed individual.,,
,,This is completely correct,
,,[Optional] Note:,same variant as Q313
,,,
,Q313. The paper 37780619 discusses the variant p.Val1554Leu in KIF1B in the primary proband or an unknown/unnamed individual.,,
,,This is completely correct,
,,[Optional] Note:,same variant as Q312
,,,
,,,
Gene,LRRC10,,
Paper,PMID: 27536250 - The Role of Leucine-Rich Repeat Containing Protein 10 (LRRC10) in Dilated Cardiomyopathy.,,
Link,https://www.ncbi.nlm.nih.gov/pmc/articles/PMC4971440/,,
,,,
,Q70. The paper 27536250 discusses the inheritance pattern for the variant 'p.Leu163Ile' possessed by the primary proband or an unknown/unnamed individual. What is the actual inheritance pattern in this case?,,
,,Inherited,
,,[Optional] Note:, Both mutations were inherited in an autosomal dominant manner and co-segregated with DCM with complete penetrance
,,,
,Q71. The paper 27536250 discusses the inheritance pattern for the variant 'p.Leu41Val' possessed by the primary proband or an unknown/unnamed individual. What is the actual inheritance pattern in this case?,,
,,Inherited,
,,[Optional] Note:, Both mutations were inherited in an autosomal dominant manner and co-segregated with DCM with complete penetrance
,,,
,,,
Gene,MIB1,,
Paper,PMID: 34564127 - Left Ventricular Myocardial Noncompaction with Advanced Atrioventricular Conduction Disorder and Ventricular Arrhythmias in a Young Patient: Role of MIB1 Gene.,,
Link,https://www.ncbi.nlm.nih.gov/pmc/articles/PMC8468736/,,
,,,
,Q220. The paper 34564127 discusses one or more human genetic variants in the gene MIB1.,,
,,TRUE,
,,[Optional] Note:,
,,,
,,,
Gene,MIB1,,
Paper,PMID: 35052463 - Phenotyping Zebrafish Mutant Models to Assess Candidate Genes Associated with Aortic Aneurysm.,,
Link,https://www.ncbi.nlm.nih.gov/pmc/articles/PMC8775119/,,
,,,
,Q237. The paper 35052463 discusses one or more human genetic variants in the gene MIB1.,,
,,TRUE,
,,[Optional] Note:,
,,,
,,,
Gene,MIB1,,
Paper,PMID: 36008935 - Spectrum of Rare and Common Genetic Variants in Arrhythmogenic Cardiomyopathy Patients.,,
Link,https://www.ncbi.nlm.nih.gov/pmc/articles/PMC9405889/,,
,,,
,Q221. The paper 36008935 discusses one or more human genetic variants in the gene MIB1.,,
,,TRUE,
,,[Optional] Note:,
,,,
,,,
Gene,MIB1,,
Paper,PMID: 37239988 - NOTCH1 Gene as a Novel Cause of Thoracic Aortic Aneurysm in Patients with Tricuspid Aortic Valve: Two Cases Reported.,,
Link,https://www.ncbi.nlm.nih.gov/pmc/articles/PMC10218151/,,
,,,
,Q222. The paper 37239988 discusses one or more human genetic variants in the gene MIB1.,,
,,TRUE,
,,[Optional] Note:,
,,,
,,,
Gene,MLH3,,
Paper,PMID: 18551179 - Novel roles for MLH3 deficiency and TLE6-like amplification in DNA mismatch repair-deficient gastrointestinal tumorigenesis and progression.,,
Link,https://www.ncbi.nlm.nih.gov/pmc/articles/PMC2410297/,,
,,,
,Q181. The paper 18551179 discusses one or more human genetic variants in the gene MLH3.,,
,,FALSE,
,,[Optional] Note:,Mouse KO models only. 
,,,
,,,
Gene,MLH3,,
Paper,PMID: 24639688 - Analysis of MLH3 C2531T polymorphism in Iranian women with unexplained infertility.,,
Link,https://www.ncbi.nlm.nih.gov/pmc/articles/PMC3941381/,,
,,,
,Q182. The paper 24639688 discusses one or more human genetic variants in the gene MLH3.,,
,,TRUE,
,,[Optional] Note:,
,,,
,,,
Gene,MLH3,,
Paper,PMID: 29212164 - Targeted sequencing of established and candidate colorectal cancer genes in the Colon Cancer Family Registry Cohort.,,
Link,https://www.ncbi.nlm.nih.gov/pmc/articles/PMC5706810/,,
,,,
,Q183. The paper 29212164 discusses one or more human genetic variants in the gene MLH3.,,
,,TRUE,
,,[Optional] Note:,
,,,
,,,
Gene,MLH3,,
Paper,PMID: 31410062 - Novel variants of unknown significance in the PMS2 gene identified in patients with hereditary colon cancer.,,
Link,https://www.ncbi.nlm.nih.gov/pmc/articles/PMC6645597/,,
,,,
,Q184. The paper 31410062 discusses one or more human genetic variants in the gene MLH3.,,
,,TRUE,
,,[Optional] Note:,Old timey variant nomenclature. I bet the tool struggled to recognise and convert the variants in this paper.
,,,
,,,
Gene,MLH3,,
Paper,"PMID: 31607598 - A genetic association study of glutamine-encoding DNA sequence structures, somatic CAG expansion, and DNA repair gene variants, with Huntington disease clinical outcomes.",,
Link,https://www.ncbi.nlm.nih.gov/pmc/articles/PMC6838430/,,
,,,
,Q185. The paper 31607598 discusses one or more human genetic variants in the gene MLH3.,,
,,Other (see note),
,,[Optional] Note:,"Only uses the rs175080 SNP identifier. Also a bit of weird one, talks about this SNP as a modfier of huntingtons disease."
,,,
,,,
Gene,MLH3,,
Paper,PMID: 32390703 - Mutation analysis of related genes in hamartoma polyp tissue of Peutz-Jeghers syndrome.,,
Link,https://www.ncbi.nlm.nih.gov/pmc/articles/PMC7201153/,,
,,,
,Q186. The paper 32390703 discusses one or more human genetic variants in the gene MLH3.,,
,,FALSE,
,,[Optional] Note:,Looking at somatic MLH3 variants in tumors
,,,
,,,
Gene,MLH3,,
Paper,PMID: 33117677 - Clinical Characterization of Mismatch Repair Gene-Deficient Metastatic Castration-Resistant Prostate Cancer.,,
Link,https://www.ncbi.nlm.nih.gov/pmc/articles/PMC7576180/,,
,,,
,Q54. What type of study is the paper 33117677?,,
,,Cohort analysis,
,,[Optional] Note:,
,,,
,Q138. The paper 33117677 discusses the zygosity for the variant 'p.Asp206fs' possessed by the individual '4'. What is the actual zygosity in this case?,,
,,Heterozygous,
,,[Optional] Note:,assumed heterozygous from context
,,,
,Q266. The paper 33117677 discusses the variant p.Asp206fs in MLH3 in the individual '4'.,,
,,This is completely correct,
,,[Optional] Note:,
,,,
,,,
Gene,MLH3,,
Paper,"PMID: 34408140 - Human MLH1/3 variants causing aneuploidy, pregnancy loss, and premature reproductive aging.",,
Link,https://www.ncbi.nlm.nih.gov/pmc/articles/PMC8373927/,,
,,,
,Q187. The paper 34408140 discusses one or more human genetic variants in the gene MLH3.,,
,,TRUE,
,,[Optional] Note:,Mouse model paper of Human variants. No specific phenoytpe mentioned
,,,
,,,
Gene,MLH3,,
Paper,PMID: 34729042 - The prevalence of DNA microsatellite instability in anaplastic thyroid carcinoma - systematic review and discussion of current therapeutic options.,,
Link,https://www.ncbi.nlm.nih.gov/pmc/articles/PMC8547184/,,
,,,
,Q203. The paper 34729042 discusses one or more human genetic variants in the gene MLH3.,,
,,FALSE,
,,[Optional] Note:,"Doesn't mention any specific variants, just a 'nonsense' that they refer to from another paper. Would need to read that other paper to get any hgvs terms."
,,,
,,,
Gene,MLH3,,
Paper,PMID: 36041235 - Analysis of copy number variation in men with non-obstructive azoospermia.,,
Link,https://www.ncbi.nlm.nih.gov/pmc/articles/PMC9605881/,,
,,,
,Q188. The paper 36041235 discusses one or more human genetic variants in the gene MLH3.,,
,,FALSE,
,,[Optional] Note:,"Yes, but these are CNVs"
,,,
,,,
Gene,MLH3,,
Paper,PMID: 37656691 - Investigation of germline variants in Bahraini women with breast cancer using next-generation sequencing based-multigene panel.,,
Link,https://www.ncbi.nlm.nih.gov/pmc/articles/PMC10473515/,,
,,,
,Q23. The paper 37656691 discusses the phenotype for the individual 'p-13' with variant 'c.3343C>T'. Select all phenotypes possessed by the individual:,,
,,TRUE,Adenomatous colonic polyposis (HP:0005227)
,,TRUE,Endometrial carcinoma (HP:0012114)
,,FALSE,Leukemia (HP:0001909)
,,[Optional] Note:,"A relative of p-13 had leukemia, not p-13 herself."
,,,
,,,
Gene,NDUFA2,,
Paper,PMID: 32154054 - Cavitating and tigroid-like leukoencephalopathy in a case of NDUFA2-related disorder.,,
Link,https://www.ncbi.nlm.nih.gov/pmc/articles/PMC7052689/,,
,,,
,Q44. The paper 32154054 discusses the phenotype for the individual 'case 2' with variant 'c.134A>C'. Select all phenotypes possessed by the individual:,,
,,FALSE,Cavitating leukodystrophy (HP:0033369)
,,FALSE,Talipes equinovarus (HP:0001762)
,,FALSE,Lower limb hyperreflexia (HP:0002395)
,,FALSE,Cerebral atrophy (HP:0002059)
,,FALSE,Brisk reflexes (HP:0001348)
,,FALSE,Leukoencephalopathy (HP:0002352)
,,TRUE,Abnormality of the internal capsule (HP:0012502)
,,FALSE,Hypoplasia of the corpus callosum (HP:0002079)
,,TRUE,Generalized-onset seizure (HP:0002197)
,,FALSE,Sudden cardiac death (HP:0001645)
,,TRUE,Developmental regression (HP:0002376)
,,FALSE,Hearing impairment (HP:0000365)
,,FALSE,Clinical course (HP:0031797)
,,FALSE,Abnormal cerebellar peduncle morphology (HP:0011931)
,,TRUE,Global developmental delay (HP:0001263)
,,FALSE,Microcephaly (HP:0000252)
,,FALSE,Axial hypotonia (HP:0008936)
,,FALSE,Failure to thrive (HP:0001508)
,,TRUE,Periventricular cysts (HP:0007109)
,,FALSE,Abnormality of the eye (HP:0000478)
,,FALSE,Drooling (HP:0002307)
,,TRUE,Seizure (HP:0001250)
,,TRUE,Abnormality of movement (HP:0100022)
,,FALSE,Acute necrotizing encephalopathy (HP:0006965)
,,TRUE,Abnormal cerebral white matter morphology (HP:0002500)
,,[Optional] Note:,Case 2 is only mentioned in the table but these other terms seemed to have come from both the table and main text.
,,,
,Q45. The paper 32154054 discusses the phenotype for the individual 'case 4' with variant 'c.170A>C'. Select all phenotypes possessed by the individual:,,
,,TRUE,Abnormal cerebral white matter morphology (HP:0002500)
,,TRUE,Cavitating leukodystrophy (HP:0033369)
,,FALSE,Vitelliform-like macular lesions (HP:0007677)
,,TRUE,Talipes equinovarus (HP:0001762)
,,TRUE,Lower limb hyperreflexia (HP:0002395)
,,TRUE,Equinovarus deformity (HP:0008110)
,,TRUE,Brisk reflexes (HP:0001348)
,,TRUE,Abnormality of visual evoked potentials (HP:0000649)
,,TRUE,Leukoencephalopathy (HP:0002352)
,,TRUE,Generalized-onset seizure (HP:0002197)
,,TRUE,Developmental regression (HP:0002376)
,,TRUE,Hearing impairment (HP:0000365)
,,TRUE,Global developmental delay (HP:0001263)
,,TRUE,Microcephaly (HP:0000252)
,,TRUE,Axial hypotonia (HP:0008936)
,,TRUE,Failure to thrive (HP:0001508)
,,TRUE,Abnormality of the eye (HP:0000478)
,,TRUE,Drooling (HP:0002307)
,,TRUE,Seizure (HP:0001250)
,,TRUE,Abnormal periventricular white matter morphology (HP:0002518)
,,[Optional] Note:,
,,,
,Q49. The paper 32154054 discusses the phenotype for the individual 'case 1' with variant 'c.208+5G>A'. Select all phenotypes possessed by the individual:,,
,,FALSE,Axial hypotonia (HP:0008936)
,,FALSE,Failure to thrive (HP:0001508)
,,TRUE,Abnormality of the eye (HP:0000478)
,,FALSE,Hearing impairment (HP:0000365)
,,FALSE,Talipes equinovarus (HP:0001762)
,,TRUE,Lactic acidosis (HP:0003128)
,,[Optional] Note:,"case 4 was only in the table, not the main text"
,,,
,Q88. The paper 32154054 discusses the inheritance pattern for the variant 'c.134A>C' possessed by the individual 'case 2'. What is the actual inheritance pattern in this case?,,
,,Inherited,
,,[Optional] Note:,
,,,
,Q89. The paper 32154054 discusses the inheritance pattern for the variant 'c.170A>C' possessed by the individual 'case 4'. What is the actual inheritance pattern in this case?,,
,,Inherited,
,,[Optional] Note:,
,,,
,Q105. The paper 32154054 discusses the inheritance pattern for the variant 'c.208+5G>A' possessed by the individual 'case 1'. What is the actual inheritance pattern in this case?,,
,,Inherited,
,,[Optional] Note:,
,,,
,Q148. The paper 32154054 discusses the zygosity for the variant 'c.134A>C' possessed by the individual 'case 2'. What is the actual zygosity in this case?,,
,,Homozygous,
,,[Optional] Note:,
,,,
,Q285. The paper 32154054 discusses the variant c.134A>C in NDUFA2 in the individual 'case 1'.,,
,,"This variant is discussed, but it is not possessed by the specified individual",
,,[Optional] Note:,
,,,
,Q286. The paper 32154054 discusses the variant c.134A>C in NDUFA2 in the individual 'case 2'.,,
,,This is completely correct,
,,[Optional] Note:,
,,,
,Q287. The paper 32154054 discusses the variant c.134A>C in NDUFA2 in the individual 'case 3'.,,
,,This is completely correct,
,,[Optional] Note:,case 3 and case 3a are the same
,,,
,Q288. The paper 32154054 discusses the variant c.134A>C in NDUFA2 in the individual 'case 3a'.,,
,,This is completely correct,
,,[Optional] Note:,case 3 and case 3a are the same
,,,
,Q289. The paper 32154054 discusses the variant c.170A>C in NDUFA2 in the primary proband or an unknown/unnamed individual.,,
,,This is completely correct,
,,[Optional] Note:,
,,,
,Q290. The paper 32154054 discusses the variant c.208+5G>A in NDUFA2 in the individual 'case 1'.,,
,,This is completely correct,
,,[Optional] Note:,
,,,
,Q291. The paper 32154054 discusses the variant c.208+5G>A in NDUFA2 in the primary proband or an unknown/unnamed individual.,,
,,"This variant is discussed, but it is not possessed by the specified individual",
,,[Optional] Note:,This is only mentioned in the table for case 1. This isn't in the main text so I would say this is a named individual that isn't the primary proband.
,,,
,Q292. The paper 32154054 discusses the variant c.225del in NDUFA2 in the individual 'case 3'.,,
,,This is completely correct,
,,[Optional] Note:,case 3 and case 3a are the same
,,,
,Q293. The paper 32154054 discusses the variant c.225del in NDUFA2 in the individual 'case 3a'.,,
,,This is completely correct,
,,[Optional] Note:,case 3 and case 3a are the same
,,,
,,,
Gene,NLGN3,,
Paper,PMID: 21615902 - Gene expression analysis in lymphoblasts derived from patients with autism spectrum disorder.,,
Link,https://www.ncbi.nlm.nih.gov/pmc/articles/PMC3118341/,,
,,,
,Q223. The paper 21615902 discusses one or more human genetic variants in the gene NLGN3.,,
,,TRUE,
,,[Optional] Note:,Refers to this variant in the intro only and references a different paper. The paper is about the expression of this gene in ASD individuals.
,,,
,,,
Gene,NLGN3,,
Paper,PMID: 22723984 - Functional phenotypic rescue of Caenorhabditis elegans neuroligin-deficient mutants by the human and rat NLGN1 genes.,,
Link,https://www.ncbi.nlm.nih.gov/pmc/articles/PMC3377638/,,
,,,
,Q224. The paper 22723984 discusses one or more human genetic variants in the gene NLGN3.,,
,,TRUE,
,,[Optional] Note:,
,,,
,,,
Gene,NLGN3,,
Paper,"PMID: 23468870 - Lack of association between NLGN3, NLGN4, SHANK2 and SHANK3 gene variants and autism spectrum disorder in a Chinese population.",,
Link,https://www.ncbi.nlm.nih.gov/pmc/articles/PMC3582503/,,
,,,
,Q225. The paper 23468870 discusses one or more human genetic variants in the gene NLGN3.,,
,,TRUE,
,,[Optional] Note:,Refers to this variant in the intro only and references a different paper. The paper is about CNVs in this gene in ASD individuals.
,,,
,,,
Gene,NLGN3,,
Paper,PMID: 25533962 - Large-scale discovery of novel genetic causes of developmental disorders.,,
Link,https://www.ncbi.nlm.nih.gov/pmc/articles/PMC5955210/,,
,,,
,Q226. The paper 25533962 discusses one or more human genetic variants in the gene NLGN3.,,
,,FALSE,
,,[Optional] Note:,
,,,
,,,
Gene,NLGN3,,
Paper,PMID: 28841651 - Functional significance of rare neuroligin 1 variants found in autism.,,
Link,https://www.ncbi.nlm.nih.gov/pmc/articles/PMC5571902/,,
,,,
,Q227. The paper 28841651 discusses one or more human genetic variants in the gene NLGN3.,,
,,TRUE,
,,[Optional] Note:,
,,,
,,,
Gene,NLGN3,,
Paper,PMID: 28948087 - Not all neuroligin 3 and 4X missense variants lead to significant functional inactivation.,,
Link,https://www.ncbi.nlm.nih.gov/pmc/articles/PMC5607556/,,
,,,
,Q58. What type of study is the paper 28948087?,,
,,Other (see note),
,,[Optional] Note:,Functional study of previously reported missenses
,,,
,,,
Gene,NLGN3,,
Paper,PMID: 29622757 - Significance of neurexin and neuroligin polymorphisms in regulating risk of Hirschsprung's disease.,,
Link,https://www.ncbi.nlm.nih.gov/pmc/articles/PMC5992363/,,
,,,
,Q228. The paper 29622757 discusses one or more human genetic variants in the gene NLGN3.,,
,,TRUE,
,,[Optional] Note:,as a modifer of disease
,,,
,,,
Gene,NLGN3,,
Paper,PMID: 31002480 - Colonic dilation and altered ex vivo gastrointestinal motility in the neuroligin-3 knockout mouse.,,
Link,https://www.ncbi.nlm.nih.gov/pmc/articles/PMC7317711/,,
,,,
,Q229. The paper 31002480 discusses one or more human genetic variants in the gene NLGN3.,,
,,Other (see note),
,,[Optional] Note:,"This is a KO mouse model, a human variant is only dicussed in the intro ""A missense mutation in Nlgn3 causing the substitution of a conserved arginine for a cysteine residue at position 451 within the NLGN3 protein was identified in two brothers diagnosed with ASD [Jamain et al., 2003]."""
,,,
,,,
Gene,NLGN3,,
Paper,PMID: 31827744 - Mutations in neuroligin-3 in male mice impact behavioral flexibility but not relational memory in a touchscreen test of visual transitive inference.,,
Link,https://www.ncbi.nlm.nih.gov/pmc/articles/PMC6889473/,,
,,,
,Q230. The paper 31827744 discusses one or more human genetic variants in the gene NLGN3.,,
,,TRUE,
,,[Optional] Note:,
,,,
,,,
Gene,NLGN3,,
Paper,PMID: 32327975 - Altered Caecal Neuroimmune Interactions in the Neuroligin-3R451C Mouse Model of Autism.,,
Link,https://www.ncbi.nlm.nih.gov/pmc/articles/PMC7160799/,,
,,,
,Q231. The paper 32327975 discusses one or more human genetic variants in the gene NLGN3.,,
,,TRUE,
,,[Optional] Note:,
,,,
,,,
Gene,NLGN3,,
Paper,PMID: 33758193 - Canonical versus non-canonical transsynaptic signaling of neuroligin 3 tunes development of sociality in mice.,,
Link,https://www.ncbi.nlm.nih.gov/pmc/articles/PMC7988105/,,
,,,
,Q232. The paper 33758193 discusses one or more human genetic variants in the gene NLGN3.,,
,,TRUE,
,,[Optional] Note:,
,,,
,,,
Gene,NLGN3,,
Paper,PMID: 34262438 - An Autism-Associated Neuroligin-3 Mutation Affects Developmental Synapse Elimination in the Cerebellum.,,
Link,https://www.ncbi.nlm.nih.gov/pmc/articles/PMC8273702/,,
,,,
,Q60. What type of study is the paper 34262438?,,
,,Other (see note),
,,[Optional] Note:,Functional study - mouse model of a previously reported missense
,,,
,Q149. The paper 34262438 discusses the zygosity for the variant 'p.Arg451Cys' possessed by the primary proband or an unknown/unnamed individual. What is the actual zygosity in this case?,,
,,Heterozygous,
,,[Optional] Note:,"""Single gene mutation in the arginine to cysteine substitution at the 451st amino acid (R451C) of NLGN3 has been identified in several ASD patients."" - implies heterozygous. It does refer to homozygous mice in this paper too."
,,,
,,,
Gene,NLGN3,,
Paper,PMID: 36479216 - Expression and structural analysis of human neuroligin 2 and neuroligin 3 implicated in autism spectrum disorders.,,
Link,https://www.ncbi.nlm.nih.gov/pmc/articles/PMC9719943/,,
,,,
,Q233. The paper 36479216 discusses one or more human genetic variants in the gene NLGN3.,,
,,TRUE,
,,[Optional] Note:,Refers to this variant in the intro only and references a different paper. The paper is about NLGN3 expression and modeling
,,,
,,,
Gene,NLGN3,,
Paper,PMID: 37509099 - Quantitative Spatial Analysis of Neuroligin-3 mRNA Expression in the Enteric Nervous System Reveals a Potential Role in Neuronal-Glial Synapses and Reduced Expression in Nlgn3R451C Mice.,,
Link,https://www.ncbi.nlm.nih.gov/pmc/articles/PMC10377306/,,
,,,
,Q234. The paper 37509099 discusses one or more human genetic variants in the gene NLGN3.,,
,,TRUE,
,,[Optional] Note:,Paper is about the mouse model of a human variant
,,,
,,,
Gene,NLGN3,,
Paper,PMID: 38475840 - Differential contribution of canonical and noncanonical NLGN3 pathways to early social development and memory performance.,,
Link,https://www.ncbi.nlm.nih.gov/pmc/articles/PMC10935922/,,
,,,
,Q235. The paper 38475840 discusses one or more human genetic variants in the gene NLGN3.,,
,,TRUE,
,,[Optional] Note:,Paper is about the mouse model of a human variant
,,,
,,,
Gene,NPPA,,
Paper,PMID: 32211440 - Reevaluating the Mutation Classification in Genetic Studies of Bradycardia Using ACMG/AMP Variant Classification Framework.,,
Link,https://www.ncbi.nlm.nih.gov/pmc/articles/PMC7061116/,,
,,,
,Q189. The paper 32211440 discusses one or more human genetic variants in the gene NPPA.,,
,,TRUE,
,,[Optional] Note:,
,,,
,,,
Gene,NPPA,,
Paper,PMID: 32555714 - The genetic risk for hypertension is lower among the Hungarian Roma population compared to the general population.,,
Link,https://www.ncbi.nlm.nih.gov/pmc/articles/PMC7299387/,,
,,,
,Q204. The paper 32555714 discusses one or more human genetic variants in the gene NPPA.,,
,,TRUE,
,,[Optional] Note:,Not sure if we are starting to stray away from the 'reasonably monogenetic' disease criteria here.
,,,
,,,
Gene,NPPA,,
Paper,PMID: 36303204 - Whole exome sequencing in Brugada and long QT syndromes revealed novel rare and potential pathogenic mutations related to the dysfunction of the cardiac sodium channel.,,
Link,https://www.ncbi.nlm.nih.gov/pmc/articles/PMC9615250/,,
,,,
,Q190. The paper 36303204 discusses one or more human genetic variants in the gene NPPA.,,
,,TRUE,
,,[Optional] Note:,
,,,
,,,
Gene,NPPA,,
Paper,PMID: 37363091 - Case report: Mutation in NPPA gene as a cause of fibrotic atrial myopathy.,,
Link,https://www.ncbi.nlm.nih.gov/pmc/articles/PMC10285104/,,
,,,
,Q191. The paper 37363091 discusses one or more human genetic variants in the gene NPPA.,,
,,TRUE,
,,[Optional] Note:,
,,,
,,,
Gene,OTUD7A,,
Paper,PMID: 36180924 - Sequencing individual genomes with recurrent genomic disorder deletions: an approach to characterize genes for autosomal recessive rare disease traits.,,
Link,https://www.ncbi.nlm.nih.gov/pmc/articles/PMC9526336/,,
,,,
,Q192. The paper 36180924 discusses one or more human genetic variants in the gene OTUD7A.,,
,,TRUE,
,,[Optional] Note:,
,,,
,,,
Gene,OTUD7A,,
Paper,PMID: 36604605 - Impaired OTUD7A-dependent Ankyrin regulation mediates neuronal dysfunction in mouse and human models of the 15q13.3 microdeletion syndrome.,,
Link,https://www.ncbi.nlm.nih.gov/pmc/articles/PMC10208958/,,
,,,
,Q193. The paper 36604605 discusses one or more human genetic variants in the gene OTUD7A.,,
,,TRUE,
,,[Optional] Note:,
,,,
,,,
Gene,PRPH,,
Paper,PMID: 25299611 - Targeted exon capture and sequencing in sporadic amyotrophic lateral sclerosis.,,
Link,https://www.ncbi.nlm.nih.gov/pmc/articles/PMC4191946/,,
,,,
,Q236. The paper 25299611 discusses one or more human genetic variants in the gene PRPH.,,
,,Other (see note),
,,[Optional] Note:,only in the supplementals
,,,
,,,
Gene,PRPH,,
Paper,PMID: 30992453 - A PRPH splice-donor variant associates with reduced sural nerve amplitude and risk of peripheral neuropathy.,,
Link,https://www.ncbi.nlm.nih.gov/pmc/articles/PMC6468012/,,
,,,
,Q43. The paper 30992453 discusses the phenotype for the primary proband or an unknown/unnamed individual with variant 'c.996+1G>A'. Select all phenotypes possessed by the individual:,,
,,FALSE,Antenatal onset (HP:0030674)
,,TRUE,Mild (HP:0012825)
,,[Optional] Note:,"early onset is mentioned in the paper, with a range of 10-35 years. The correct HPO term is probably young adult onset."
,,,
,,,
Gene,RGS9,,
Paper,PMID: 26343007 - Retinal Architecture in â€‹RGS9- and â€‹R9AP-Associated Retinal Dysfunction (Bradyopsia).,,
Link,https://www.ncbi.nlm.nih.gov/pmc/articles/PMC4653116/,,
,,,
,Q194. The paper 26343007 discusses one or more human genetic variants in the gene RGS9.,,
,,TRUE,
,,[Optional] Note:,
,,,
,,,
Gene,RNASEH1,,
Paper,PMID: 28508084 - Clinicopathologic and molecular spectrum of RNASEH1-related mitochondrial disease.,,
Link,https://www.ncbi.nlm.nih.gov/pmc/articles/PMC5413961/,,
,,,
,Q195. The paper 28508084 discusses one or more human genetic variants in the gene RNASEH1.,,
,,TRUE,
,,[Optional] Note:,
,,,
,,,
Gene,RNASEH1,,
Paper,PMID: 31258551 - Identification and Characterization of New RNASEH1 Mutations Associated With PEO Syndrome and Multiple Mitochondrial DNA Deletions.,,
Link,https://www.ncbi.nlm.nih.gov/pmc/articles/PMC6588129/,,
,,,
,Q24. The paper 31258551 discusses the phenotype for the primary proband or an unknown/unnamed individual with variant 'c.258_260del'. Select all phenotypes possessed by the individual:,,
,,TRUE,Elevated circulating creatine kinase concentration (HP:0003236)
,,TRUE,Fatigue (HP:0012378)
,,TRUE,Respiratory insufficiency due to muscle weakness (HP:0002747)
,,[Optional] Note:,
,,,
,Q25. The paper 31258551 discusses the phenotype for the primary proband or an unknown/unnamed individual with variant 'c.487T>C'. Select all phenotypes possessed by the individual:,,
,,TRUE,Elevated circulating creatine kinase concentration (HP:0003236)
,,TRUE,Fatigue (HP:0012378)
,,TRUE,Respiratory insufficiency due to muscle weakness (HP:0002747)
,,[Optional] Note:,Same patient as Q24
,,,
,Q72. The paper 31258551 discusses the inheritance pattern for the variant 'c.258_260del' possessed by the primary proband or an unknown/unnamed individual. What is the actual inheritance pattern in this case?,,
,,Inherited,
,,[Optional] Note:,
,,,
,Q73. The paper 31258551 discusses the inheritance pattern for the variant 'c.487T>C' possessed by the primary proband or an unknown/unnamed individual. What is the actual inheritance pattern in this case?,,
,,Inherited,
,,[Optional] Note:,
,,,
,,,
Gene,RNASEH1,,
Paper,PMID: 32082360 - RNase H1 Regulates Mitochondrial Transcription and Translation via the Degradation of 7S RNA.,,
Link,https://www.ncbi.nlm.nih.gov/pmc/articles/PMC7006045/,,
,,,
,Q196. The paper 32082360 discusses one or more human genetic variants in the gene RNASEH1.,,
,,TRUE,
,,[Optional] Note:,
,,,
,,,
Gene,RNASEH1,,
Paper,PMID: 33396418 - Progressive External Ophthalmoplegia in Polish Patients-From Clinical Evaluation to Genetic Confirmation.,,
Link,https://www.ncbi.nlm.nih.gov/pmc/articles/PMC7824435/,,
,,,
,Q197. The paper 33396418 discusses one or more human genetic variants in the gene RNASEH1.,,
,,FALSE,
,,[Optional] Note:,can't even find in the supplementals where the paper states the details are
,,,
,,,
Gene,RNASEH1,,
Paper,PMID: 35711919 - Case Report: Rare Homozygous RNASEH1 Mutations Associated With Adult-Onset Mitochondrial Encephalomyopathy and Multiple Mitochondrial DNA Deletions.,,
Link,https://www.ncbi.nlm.nih.gov/pmc/articles/PMC9194440/,,
,,,
,Q198. The paper 35711919 discusses one or more human genetic variants in the gene RNASEH1.,,
,,TRUE,
,,[Optional] Note:,
,,,
,,,
Gene,RNASEH1,,
Paper,PMID: 35947649 - Mammalian RNase H1 directs RNA primer formation for mtDNA replication initiation and is also necessary for mtDNA replication completion.,,
Link,https://www.ncbi.nlm.nih.gov/pmc/articles/PMC9410905/,,
,,,
,Q199. The paper 35947649 discusses one or more human genetic variants in the gene RNASEH1.,,
,,TRUE,
,,[Optional] Note:,
,,,
,,,
Gene,SARS1,,
Paper,PMID: 36041817 - Loss of seryl-tRNA synthetase (SARS1) causes complex spastic paraplegia and cellular senescence.,,
Link,https://www.ncbi.nlm.nih.gov/pmc/articles/PMC9691831/,,
,,,
,Q26. The paper 36041817 discusses the phenotype for the primary proband or an unknown/unnamed individual with variant 'c.969+1_969+3del'. Select all phenotypes possessed by the individual:,,
,,TRUE,Strabismus (HP:0000486)
,,FALSE,Zygotic cleavage failure (HP:0033336)
,,FALSE,Hypermetropia (HP:0000540)
,,FALSE,Abnormal cell morphology (HP:0025461)
,,[Optional] Note:,Paper inlcuded fibroblast studies that had abnormal cell morphology
,,,
,Q116. The paper 36041817 discusses the variant type for c.969+1_969+3del. What is the actual variant type in this case?,,
,,Splice region,
,,[Optional] Note:,"It is listed in the paper as c.969_969+2delGGT which is the same thing. c.969+1_969+3del is more correct, following the HGVS rules of number per the last repeat"
,,,
,Q267. The paper 36041817 discusses the variant c.109778053_109778055delGGT in SARS1 in the primary proband or an unknown/unnamed individual.,,
,,This is completely correct,
,,[Optional] Note:,same variant as Q116
,,,
,Q268. The paper 36041817 discusses the variant c.514G>A in SARS1 in the primary proband or an unknown/unnamed individual.,,
,,This is completely correct,
,,[Optional] Note:,
,,,
,Q269. The paper 36041817 discusses the variant c.638G>T in SARS1 in the primary proband or an unknown/unnamed individual.,,
,,This is completely correct,
,,[Optional] Note:,
,,,
,Q270. The paper 36041817 discusses the variant p.Lys323_Ile324insSerArgTrpValArg in SARS1 in the primary proband or an unknown/unnamed individual.,,
,,This is completely correct,
,,[Optional] Note:,"same variants as Q116, this is the result of mis-splicing"
,,,
,,,
Gene,SLFN14,,
Paper,PMID: 29678925 - Role of the novel endoribonuclease SLFN14 and its disease-causing mutations in ribosomal degradation.,,
Link,https://www.ncbi.nlm.nih.gov/pmc/articles/PMC6004054/,,
,,,
,Q55. What type of study is the paper 29678925?,,
,,Other (see note),
,,[Optional] Note:,Functional study - cell models of human variants
,,,
,Q75. The paper 29678925 discusses the inheritance pattern for the variant 'p.Lys218Glu' possessed by the primary proband or an unknown/unnamed individual. What is the actual inheritance pattern in this case?,,
,,Unknown,
,,[Optional] Note:,It would be mentioned in the original report of this paper but not not mentioned here.
,,,
,Q76. The paper 29678925 discusses the inheritance pattern for the variant 'p.Val220Asp' possessed by the primary proband or an unknown/unnamed individual. What is the actual inheritance pattern in this case?,,
,,Unknown,
,,[Optional] Note:,It would be mentioned in the original report of this paper but not not mentioned here.
,,,
,Q271. The paper 29678925 discusses the variant p.Arg223Trp in SLFN14 in the primary proband or an unknown/unnamed individual.,,
,,This is completely correct,
,,[Optional] Note:,
,,,
,,,
Gene,SLFN14,,
Paper,PMID: 37041648 - Novel SLFN14 mutation associated with macrothrombocytopenia in a patient with severe haemorrhagic syndrome.,,
Link,https://www.ncbi.nlm.nih.gov/pmc/articles/PMC10091655/,,
,,,
,Q27. The paper 37041648 discusses the phenotype for the primary proband or an unknown/unnamed individual with variant 'c.655A>G'. Select all phenotypes possessed by the individual:,,
,,FALSE,Premature loss of primary teeth (HP:0006323)
,,[Optional] Note:,primary teeth are mentioned but in the context of excessive bleeding when lost
,,,
,Q74. The paper 37041648 discusses the inheritance pattern for the variant 'c.655A>G' possessed by the primary proband or an unknown/unnamed individual. What is the actual inheritance pattern in this case?,,
,,Unknown,
,,[Optional] Note:,father's sample not available for testing so unknown if de novo or inherited
,,,
,Q272. The paper 37041648 discusses the variant p.Arg223Trp in SLFN14 in the primary proband or an unknown/unnamed individual.,,
,,This is completely correct,
,,[Optional] Note:,
,,,
,Q273. The paper 37041648 discusses the variant p.Lys218Glu in SLFN14 in the primary proband or an unknown/unnamed individual.,,
,,This is completely correct,
,,[Optional] Note:,
,,,
,Q274. The paper 37041648 discusses the variant p.Val220Asp in SLFN14 in the primary proband or an unknown/unnamed individual.,,
,,This is completely correct,
,,[Optional] Note:,
,,,
,Q281. The paper 37041648 discusses the variant p.Lys219Asn in SLFN14 in the primary proband or an unknown/unnamed individual.,,
,,This is completely correct,
,,[Optional] Note:,
,,,
,,,
Gene,TDO2,,
Paper,"PMID: 35743796 - Two Genetic Mechanisms in Two Siblings with Intellectual Disability, Autism Spectrum Disorder, and Psychosis.",,
Link,https://www.ncbi.nlm.nih.gov/pmc/articles/PMC9224546/,,
,,,
,Q62. What type of study is the paper 35743796?,,
,,Case report,
,,[Optional] Note:,
,,,
,Q151. The paper 35743796 discusses the zygosity for the variant 'c.803T>A' possessed by the individual 'elder brother'. What is the actual zygosity in this case?,,
,,Heterozygous,
,,[Optional] Note:,inherited from dad - implied heterozygous
,,,
,Q311. The paper 35743796 discusses the variant T>A in TDO2 in the primary proband or an unknown/unnamed individual.,,
,,This variant is either invalid or it is not discussed in the paper,
,,[Optional] Note:,
,,,
,Q318. The paper 35743796 discusses the variant c.803T>A in TDO2 in the individual 'father'.,,
,,This is completely correct,
,,[Optional] Note:,
,,,
,,,
Gene,TOP2B,,
Paper,PMID: 31953910 - A de novo TOP2B variant associated with global developmental delay and autism spectrum disorder.,,
Link,https://www.ncbi.nlm.nih.gov/pmc/articles/PMC7057084/,,
,,,
,Q28. The paper 31953910 discusses the phenotype for the primary proband or an unknown/unnamed individual with variant 'c.187C>T'. Select all phenotypes possessed by the individual:,,
,,TRUE,Hypotonia (HP:0001252)
,,TRUE,Axial hypotonia (HP:0008936)
,,[Optional] Note:,The term truncal hypotonia is used which is the same as axial.
,,,
,Q139. The paper 31953910 discusses the zygosity for the variant 'c.187C>T' possessed by the primary proband or an unknown/unnamed individual. What is the actual zygosity in this case?,,
,,Heterozygous,
,,[Optional] Note:,inferred from 'de novo'
,,,
,Q276. The paper 31953910 discusses the variant c.187C>T in TOP2B in the individual 'lam et al.'.,,
,,This is completely correct,
,,[Optional] Note:,
,,,
,,,
Gene,TOP2B,,
Paper,PMID: 36450898 - Disease-associated H58Y mutation affects the nuclear dynamics of human DNA topoisomerase IIÎ².,,
Link,https://www.ncbi.nlm.nih.gov/pmc/articles/PMC9712534/,,
,,,
,Q29. The paper 36450898 discusses the phenotype for the primary proband or an unknown/unnamed individual with variant 'p.Ala485Pro'. Select all phenotypes possessed by the individual:,,
,,FALSE,Immunodeficiency (HP:0002721)
,,FALSE,Autistic behavior (HP:0000729)
,,FALSE,Global developmental delay (HP:0001263)
,,TRUE,B lymphocytopenia (HP:0010976)
,,[Optional] Note:,
,,,
,Q30. The paper 36450898 discusses the phenotype for the primary proband or an unknown/unnamed individual with variant 'p.EE587E'. Select all phenotypes possessed by the individual:,,
,,FALSE,Global developmental delay (HP:0001263)
,,FALSE,Autistic behavior (HP:0000729)
,,FALSE,Immunodeficiency (HP:0002721)
,,FALSE,Autism (HP:0000717)
,,TRUE,B lymphocytopenia (HP:0010976)
,,[Optional] Note:,
,,,
,Q31. The paper 36450898 discusses the phenotype for the primary proband or an unknown/unnamed individual with variant 'p.Gly180Ile'. Select all phenotypes possessed by the individual:,,
,,FALSE,Autistic behavior (HP:0000729)
,,FALSE,Autism (HP:0000717)
,,FALSE,Global developmental delay (HP:0001263)
,,[Optional] Note:,There is no patient mentioned with the variant that I could find. The variant is used in the functional studies only
,,,
,Q32. The paper 36450898 discusses the phenotype for the primary proband or an unknown/unnamed individual with variant 'p.Gly633Ser'. Select all phenotypes possessed by the individual:,,
,,FALSE,Immunodeficiency (HP:0002721)
,,FALSE,Autistic behavior (HP:0000729)
,,FALSE,Autism (HP:0000717)
,,FALSE,Global developmental delay (HP:0001263)
,,[Optional] Note:,B lymphocytopenia (HP:0010976) is listed
,,,
,Q33. The paper 36450898 discusses the phenotype for the primary proband or an unknown/unnamed individual with variant 'p.His58Tyr'. Select all phenotypes possessed by the individual:,,
,,TRUE,Autistic behavior (HP:0000729)
,,TRUE,Autism (HP:0000717)
,,TRUE,Global developmental delay (HP:0001263)
,,[Optional] Note:,
,,,
,Q34. The paper 36450898 discusses the phenotype for the primary proband or an unknown/unnamed individual with variant 'p.Leu185Phe'. Select all phenotypes possessed by the individual:,,
,,FALSE,Autistic behavior (HP:0000729)
,,FALSE,Autism (HP:0000717)
,,FALSE,Global developmental delay (HP:0001263)
,,[Optional] Note:,There is no patient mentioned with the variant that I could find. The variant is used in the functional studies only
,,,
,Q35. The paper 36450898 discusses the phenotype for the primary proband or an unknown/unnamed individual with variant 'p.Ser483Leu'. Select all phenotypes possessed by the individual:,,
,,FALSE,Autistic behavior (HP:0000729)
,,FALSE,Immunodeficiency (HP:0002721)
,,TRUE,B lymphocytopenia (HP:0010976)
,,FALSE,Autism (HP:0000717)
,,FALSE,Global developmental delay (HP:0001263)
,,[Optional] Note:,
,,,
,Q36. The paper 36450898 discusses the phenotype for the primary proband or an unknown/unnamed individual with variant 'p.Tyr66Phe'. Select all phenotypes possessed by the individual:,,
,,FALSE,Autistic behavior (HP:0000729)
,,FALSE,Autism (HP:0000717)
,,FALSE,Global developmental delay (HP:0001263)
,,[Optional] Note:,There is no patient mentioned with the variant that I could find. The variant is used in the functional studies only
,,,
,Q56. What type of study is the paper 36450898?,,
,,Other (see note),
,,[Optional] Note:,Functional study - modelling patient variants
,,,
,Q77. The paper 36450898 discusses the inheritance pattern for the variant 'p.Ala485Pro' possessed by the primary proband or an unknown/unnamed individual. What is the actual inheritance pattern in this case?,,
,,Unknown,
,,[Optional] Note:,"refers to these variants being published in a previous paper, it will be mentioned there what the inheritance is"
,,,
,Q78. The paper 36450898 discusses the inheritance pattern for the variant 'p.EE587E' possessed by the primary proband or an unknown/unnamed individual. What is the actual inheritance pattern in this case?,,
,,Unknown,
,,[Optional] Note:,"refers to these variants being published in a previous paper, it will be mentioned there what the inheritance is"
,,,
,Q79. The paper 36450898 discusses the inheritance pattern for the variant 'p.Gly180Ile' possessed by the primary proband or an unknown/unnamed individual. What is the actual inheritance pattern in this case?,,
,,Other (see note),
,,[Optional] Note:,not a patient variant that I can tell
,,,
,Q80. The paper 36450898 discusses the inheritance pattern for the variant 'p.Gly633Ser' possessed by the primary proband or an unknown/unnamed individual. What is the actual inheritance pattern in this case?,,
,,Unknown,
,,[Optional] Note:,"refers to these variants being published in a previous paper, it will be mentioned there what the inheritance is"
,,,
,Q81. The paper 36450898 discusses the inheritance pattern for the variant 'p.Leu185Phe' possessed by the primary proband or an unknown/unnamed individual. What is the actual inheritance pattern in this case?,,
,,Other (see note),
,,[Optional] Note:,not a patient variant that I can tell
,,,
,Q82. The paper 36450898 discusses the inheritance pattern for the variant 'p.Ser483Leu' possessed by the primary proband or an unknown/unnamed individual. What is the actual inheritance pattern in this case?,,
,,Unknown,
,,[Optional] Note:,"refers to these variants being published in a previous paper, it will be mentioned there what the inheritance is"
,,,
,Q83. The paper 36450898 discusses the inheritance pattern for the variant 'p.Tyr66Phe' possessed by the primary proband or an unknown/unnamed individual. What is the actual inheritance pattern in this case?,,
,,Other (see note),
,,[Optional] Note:,not a patient variant that I can tell
,,,
,Q140. The paper 36450898 discusses the zygosity for the variant 'p.Ala485Pro' possessed by the primary proband or an unknown/unnamed individual. What is the actual zygosity in this case?,,
,,Unknown,
,,[Optional] Note:,"refers to these variants being published in a previous paper, it will be mentioned there what the inheritance is"
,,,
,Q141. The paper 36450898 discusses the zygosity for the variant 'p.EE587E' possessed by the primary proband or an unknown/unnamed individual. What is the actual zygosity in this case?,,
,,Heterozygous,
,,[Optional] Note:,inferred
,,,
,Q142. The paper 36450898 discusses the zygosity for the variant 'p.Gly180Ile' possessed by the primary proband or an unknown/unnamed individual. What is the actual zygosity in this case?,,
,,Other (see note),
,,[Optional] Note:,not a patient variant that I can tell
,,,
,Q143. The paper 36450898 discusses the zygosity for the variant 'p.Gly633Ser' possessed by the primary proband or an unknown/unnamed individual. What is the actual zygosity in this case?,,
,,Heterozygous,
,,[Optional] Note:,inferred
,,,
,Q144. The paper 36450898 discusses the zygosity for the variant 'p.Leu185Phe' possessed by the primary proband or an unknown/unnamed individual. What is the actual zygosity in this case?,,
,,Other (see note),
,,[Optional] Note:,not a patient variant that I can tell
,,,
,Q145. The paper 36450898 discusses the zygosity for the variant 'p.Ser483Leu' possessed by the primary proband or an unknown/unnamed individual. What is the actual zygosity in this case?,,
,,Heterozygous,
,,[Optional] Note:,inferred
,,,
,Q146. The paper 36450898 discusses the zygosity for the variant 'p.Tyr66Phe' possessed by the primary proband or an unknown/unnamed individual. What is the actual zygosity in this case?,,
,,Other (see note),
,,[Optional] Note:,not a patient variant that I can tell
,,,
,Q275. The paper 36450898 discusses the variant p.Thr65Ile in TOP2B in the primary proband or an unknown/unnamed individual.,,
,,"This variant is discussed, but it is not possessed by the specified individual",
,,[Optional] Note:,just used in the functional studies but not specified to be in an individual.
,,,
,,,
Gene,TOPBP1,,
Paper,PMID: 30084161 - Exome data clouds the pathogenicity of genetic variants in Pulmonary Arterial Hypertension.,,
Link,https://www.ncbi.nlm.nih.gov/pmc/articles/PMC6160702/,,
,,,
,Q200. The paper 30084161 discusses one or more human genetic variants in the gene TOPBP1.,,
,,TRUE,
,,[Optional] Note:,
,,,
,,,
Gene,TOPBP1,,
Paper,PMID: 34199176 - Novel Genetic and Molecular Pathways in Pulmonary Arterial Hypertension Associated with Connective Tissue Disease.,,
Link,https://www.ncbi.nlm.nih.gov/pmc/articles/PMC8231632/,,
,,,
,Q277. The paper 34199176 discusses the variant c.951T>G in TOPBP1 in the individual '9'.,,
,,This is completely correct,
,,[Optional] Note:,
,,,
,Q278. The paper 34199176 discusses the variant c.951T>G in TOPBP1 in the primary proband or an unknown/unnamed individual.,,
,,"This variant is discussed, but it is not possessed by the specified individual",
,,[Optional] Note:,it is in individual 9 as specificed by Q277
,,,
,,,
Gene,ZNF423,,
Paper,PMID: 33270637 - Pituitary stalk interruption syndrome is characterized by genetic heterogeneity.,,
Link,https://www.ncbi.nlm.nih.gov/pmc/articles/PMC7714207/,,
,,,
,Q37. The paper 33270637 discusses the phenotype for the individual '29' with variant 'c.1144T>C'. Select all phenotypes possessed by the individual:,,
,,TRUE,Premature ovarian insufficiency (HP:0008209)
,,TRUE,Decreased circulating inhibin B concentration (HP:0031100)
,,TRUE,Postnatal growth retardation (HP:0008897)
,,[Optional] Note:,
,,,
,,,
Gene,ZNF423,,
Paper,PMID: 33531950 - An Atypical Presentation of Joubert Syndrome Due to a Novel Mutation in ZNF423 Gene.,,
Link,https://www.ncbi.nlm.nih.gov/pmc/articles/PMC7847091/,,
,,,
,Q84. The paper 33531950 discusses the inheritance pattern for the variant 'c.1192C>T' possessed by the primary proband or an unknown/unnamed individual. What is the actual inheritance pattern in this case?,,
,,Inherited,
,,[Optional] Note:,inferred from compound heterozygous
,,,
,Q85. The paper 33531950 discusses the inheritance pattern for the variant 'c.272C>T' possessed by the primary proband or an unknown/unnamed individual. What is the actual inheritance pattern in this case?,,
,,Inherited,
,,[Optional] Note:,inferred from compound heterozygous
,,,
,Q279. The paper 33531950 discusses the variant p.Arg398Trp in ZNF423 in the primary proband or an unknown/unnamed individual.,,
,,This is completely correct,
,,[Optional] Note:,
,,,
,Q280. The paper 33531950 discusses the variant p.Pro91Leu in ZNF423 in the primary proband or an unknown/unnamed individual.,,
,,This is completely correct,
,,[Optional] Note:,
