gene	paper_build	paper_variant	individual_id	pheno_text_description	phenotype	transcript	hgvs_c	hgvs_p	variant_type	zygosity	variant_inheritance	pmid	author	year	journal	study_type	in_silico	engineered_cells	patient_cells_tissues	animal_model	in_supplement	notes	questions	paper_id	paper_title	is_pmc_oa	license	pmcid	link	evidence_base	group
CTF1	hg19	c.274G>A	unknown	The Finn-DCM study cohort comprised 145 unrelated DCM patients	Dilated cardiomyopathy (HP:0001644)	ENST00000279804	c.274G>A	p.Ala92Thr	missense	heterozygous	unknown	26084686	Akinrinade	2015	Eur Heart J	cohort analysis					Y	Inferred that no functional studies supported, in silico predictors were applied to all missense variants in this study and this variant was not classified as P/LP		pmid:26084686	Genetics and genotype-phenotype correlations in Finnish patients with dilated cardiomyopathy.	True	CC BY-NC	PMC4561350	https://pubmed.ncbi.nlm.nih.gov/26084686/	Limited	train
FBN2	hg19	c.3724+3A > C (also identified as IVS28+3A > C)	I-1	Congenital contractural arachnodactyly (CCA; MIM #121050), Spider-like fingers, Systemic musculoskeletal crouching	Congenital contractural arachnodactyly (OMIM:121050), Arachnodactyly (HP:0001166), Abnormality of the musculoskeletal system (HP:0033127)	NM_001999.4	c.3724+3A>C		splice region	heterozygous	unknown	32184806	Xu	2020	Front Genet	case series			x		N			pmid:32184806	A Novel Splicing Mutation in the FBN2 Gene in a Family With Congenital Contractural Arachnodactyly.	True	CC BY	PMC7058790	https://pubmed.ncbi.nlm.nih.gov/32184806/	Limited	train
FBN2	hg19	c.3724+3A > C (also identified as IVS28+3A > C)	II-1	Congenital contractural arachnodactyly (CCA; MIM #121050), Long slim limbs, Spider-like fingers, Stand on tiptoe	Congenital contractural arachnodactyly (OMIM:121050), Abnormal upper limb bone morphology (HP:0040070), Arachnodactyly (HP:0001166)	NM_001999.4	c.3724+3A>C		splice region	heterozygous	maternally inherited	32184806	Xu	2020	Front Genet	case series			x		N	"couldn't find a good HPO match for ""Stand on tiptoe"""		pmid:32184806	A Novel Splicing Mutation in the FBN2 Gene in a Family With Congenital Contractural Arachnodactyly.	True	CC BY	PMC7058790	https://pubmed.ncbi.nlm.nih.gov/32184806/	Limited	train
FBN2	hg19	c.3724+3A > C (also identified as IVS28+3A > C)	II-3	Congenital contractural arachnodactyly (CCA; MIM #121050), Thoracic malformation, Systemic musculoskeletal crouching	Congenital contractural arachnodactyly (OMIM:121050), Abnormal thorax morphology (HP:0000765), Abnormality of the musculoskeletal system (HP:0033127)	NM_001999.4	c.3724+3A>C		splice region	heterozygous	maternally inherited	32184806	Xu	2020	Front Genet	case series			x		N			pmid:32184806	A Novel Splicing Mutation in the FBN2 Gene in a Family With Congenital Contractural Arachnodactyly.	True	CC BY	PMC7058790	https://pubmed.ncbi.nlm.nih.gov/32184806/	Limited	train
FBN2	hg19	c.3724+3A > C (also identified as IVS28+3A > C)	II-8	Congenital contractural arachnodactyly (CCA; MIM #121050), Long slim limbs, Spider-like fingers	Congenital contractural arachnodactyly (OMIM:121050), Abnormal upper limb bone morphology (HP:0040070), Arachnodactyly (HP:0001166)	NM_001999.4	c.3724+3A>C		splice region	heterozygous	maternally inherited	32184806	Xu	2020	Front Genet	case series			x		N			pmid:32184806	A Novel Splicing Mutation in the FBN2 Gene in a Family With Congenital Contractural Arachnodactyly.	True	CC BY	PMC7058790	https://pubmed.ncbi.nlm.nih.gov/32184806/	Limited	train
FBN2	hg19	c.3724+3A > C (also identified as IVS28+3A > C)	III-1	Congenital contractural arachnodactyly (CCA; MIM #121050), Long slim limbs, Spider-like fingers, Thoracic malformation, Systemic musculoskeletal crouching, Stand on tiptoe	Congenital contractural arachnodactyly (OMIM:121050), Abnormal upper limb bone morphology (HP:0040070), Arachnodactyly (HP:0001166), Abnormal thorax morphology (HP:0000765), Abnormality of the musculoskeletal system (HP:0033127)	NM_001999.4	c.3724+3A>C		splice region	heterozygous	maternally inherited	32184806	Xu	2020	Front Genet	case series			x		N	"couldn't find a good HPO match for ""Stand on tiptoe"""		pmid:32184806	A Novel Splicing Mutation in the FBN2 Gene in a Family With Congenital Contractural Arachnodactyly.	True	CC BY	PMC7058790	https://pubmed.ncbi.nlm.nih.gov/32184806/	Limited	train
FBN2	hg19	c.3724+3A > C (also identified as IVS28+3A > C)	III-3	Congenital contractural arachnodactyly (CCA; MIM #121050), Long slim limbs, Spider-like fingers, Thoracic malformation, Systemic musculoskeletal crouching, Crumpled ears, Stand on tiptoe	Congenital contractural arachnodactyly (OMIM:121050), Abnormal upper limb bone morphology (HP:0040070), Arachnodactyly (HP:0001166), Abnormal thorax morphology (HP:0000765), Abnormality of the musculoskeletal system (HP:0033127), Abnormal ear morphology (HP:0031703)	NM_001999.4	c.3724+3A>C		splice region	heterozygous	maternally inherited	32184806	Xu	2020	Front Genet	case series			x		N	"couldn't find a good HPO match for ""Stand on tiptoe"""		pmid:32184806	A Novel Splicing Mutation in the FBN2 Gene in a Family With Congenital Contractural Arachnodactyly.	True	CC BY	PMC7058790	https://pubmed.ncbi.nlm.nih.gov/32184806/	Limited	train
FBN2	hg19	c.3724+3A > C (also identified as IVS28+3A > C)	III-4	Congenital contractural arachnodactyly (CCA; MIM #121050), Long slim limbs, Spider-like fingers, Thoracic malformation, Systemic musculoskeletal crouching, Crumpled ears, Stand on tiptoe	Congenital contractural arachnodactyly (OMIM:121050), Abnormal upper limb bone morphology (HP:0040070), Arachnodactyly (HP:0001166), Abnormal thorax morphology (HP:0000765), Abnormality of the musculoskeletal system (HP:0033127), Abnormal ear morphology (HP:0031703)	NM_001999.4	c.3724+3A>C		splice region	heterozygous	maternally inherited	32184806	Xu	2020	Front Genet	case series			x		N			pmid:32184806	A Novel Splicing Mutation in the FBN2 Gene in a Family With Congenital Contractural Arachnodactyly.	True	CC BY	PMC7058790	https://pubmed.ncbi.nlm.nih.gov/32184806/	Limited	train
FBN2	hg19	c.3724+3A > C (also identified as IVS28+3A > C)	III-6	Congenital contractural arachnodactyly (CCA; MIM #121050), Long slim limbs, Spider-like fingers	Congenital contractural arachnodactyly (OMIM:121050), Abnormal upper limb bone morphology (HP:0040070), Arachnodactyly (HP:0001166)	NM_001999.4	c.3724+3A>C		splice region	heterozygous	paternally inherited	32184806	Xu	2020	Front Genet	case series			x		N			pmid:32184806	A Novel Splicing Mutation in the FBN2 Gene in a Family With Congenital Contractural Arachnodactyly.	True	CC BY	PMC7058790	https://pubmed.ncbi.nlm.nih.gov/32184806/	Limited	train
FBN2	hg19	c.3724+3A > C (also identified as IVS28+3A > C)	III-7	Congenital contractural arachnodactyly (CCA; MIM #121050), Long slim limbs, Spider-like fingers, Thoracic malformation, Crumpled ears, Stand on tiptoe	Congenital contractural arachnodactyly (OMIM:121050), Abnormal upper limb bone morphology (HP:0040070), Arachnodactyly (HP:0001166), Abnormal thorax morphology (HP:0000765), Abnormal ear morphology (HP:0031703)	NM_001999.4	c.3724+3A>C		splice region	heterozygous	paternally inherited	32184806	Xu	2020	Front Genet	case series			x		N			pmid:32184806	A Novel Splicing Mutation in the FBN2 Gene in a Family With Congenital Contractural Arachnodactyly.	True	CC BY	PMC7058790	https://pubmed.ncbi.nlm.nih.gov/32184806/	Limited	train
FBN2	Unknown	c.3344A>T(p.D1115V)	I1	long, slim limbs, contractures of the fingers at birth, a pinched, small mouth, crumpled ears, and mild arthrogryposis of the elbows and knees	Abnormal upper limb bone morphology (HP:0040070), Finger joint contracture (HP:0034681), Abnormal ear morphology (HP:0031703), Narrow mouth (HP:0000160), Distal arthrogryposis (HP:0005684)		c. 3344A>T	p.D1115V	missense	heterozygous	unknown	33638605	Hu	2021	Mol Genet Genomic Med	case series	x				N			pmid:33638605	Mutation analysis and prenatal diagnosis of a family with congenital contractural arachnodactyly.	True	CC BY	PMC8123754	https://pubmed.ncbi.nlm.nih.gov/33638605/	Limited	train
FBN2	Unknown	c.3344A>T(p.D1115V)	II2	long, slim limbs, contractures of the fingers at birth, a pinched, small mouth, crumpled ears, and mild arthrogryposis of the elbows and knees	Abnormal upper limb bone morphology (HP:0040070), Finger joint contracture (HP:0034681), Abnormal ear morphology (HP:0031703), Narrow mouth (HP:0000160), Distal arthrogryposis (HP:0005684)		c. 3344A>T	p.D1115V	missense	heterozygous	maternally inherited	33638605	Hu	2021	Mol Genet Genomic Med	case series	x				N			pmid:33638605	Mutation analysis and prenatal diagnosis of a family with congenital contractural arachnodactyly.	True	CC BY	PMC8123754	https://pubmed.ncbi.nlm.nih.gov/33638605/	Limited	train
FBN2	Unknown	c.3344A>T(p.D1115V)	II6	long, slim limbs, contractures of the fingers at birth, a pinched, small mouth, crumpled ears, and mild arthrogryposis of the elbows and knees	Abnormal upper limb bone morphology (HP:0040070), Finger joint contracture (HP:0034681), Abnormal ear morphology (HP:0031703), Narrow mouth (HP:0000160), Distal arthrogryposis (HP:0005684)		c. 3344A>T	p.D1115V	missense	heterozygous	maternally inherited	33638605	Hu	2021	Mol Genet Genomic Med	case series	x				N			pmid:33638605	Mutation analysis and prenatal diagnosis of a family with congenital contractural arachnodactyly.	True	CC BY	PMC8123754	https://pubmed.ncbi.nlm.nih.gov/33638605/	Limited	train
FBN2	Unknown	c.3344A>T(p.D1115V)	III1	long, slim limbs, contractures of the fingers at birth, a pinched, small mouth, crumpled ears, and mild arthrogryposis of the elbows and knees	Abnormal upper limb bone morphology (HP:0040070), Finger joint contracture (HP:0034681), Abnormal ear morphology (HP:0031703), Narrow mouth (HP:0000160), Distal arthrogryposis (HP:0005684)		c. 3344A>T	p.D1115V	missense	heterozygous	paternally inherited	33638605	Hu	2021	Mol Genet Genomic Med	case series	x				N			pmid:33638605	Mutation analysis and prenatal diagnosis of a family with congenital contractural arachnodactyly.	True	CC BY	PMC8123754	https://pubmed.ncbi.nlm.nih.gov/33638605/	Limited	train
FBN2	Unknown	c.3344A>T(p.D1115V)	III3	long, slim limbs, contractures of the fingers at birth, a pinched, small mouth, crumpled ears, and mild arthrogryposis of the elbows and knees	Abnormal upper limb bone morphology (HP:0040070), Finger joint contracture (HP:0034681), Abnormal ear morphology (HP:0031703), Narrow mouth (HP:0000160), Distal arthrogryposis (HP:0005684)		c. 3344A>T	p.D1115V	missense	heterozygous	maternally inherited	33638605	Hu	2021	Mol Genet Genomic Med	case series	x				N	"AC: The fetus of the proband (III8), was diagnosed prenatally with the mutation and showed contracture symptoms on ultrasound and pathology. Should we add that ""patient"" here?"		pmid:33638605	Mutation analysis and prenatal diagnosis of a family with congenital contractural arachnodactyly.	True	CC BY	PMC8123754	https://pubmed.ncbi.nlm.nih.gov/33638605/	Limited	train
EXOC2	hg19	c.1309C>A	1:IV-2	progressive microcephaly, congenital cataracts, severe global developmental delay, seizures, severe intellectual disability, and facial dysmorphism (Table 1). Patient 1 also had epilepsy. Brain magnetic resonance imaging (MRI) showed hypoplastic cerebellum and brainstem, white matter loss, thinning of the corpus callosum, severely hypoplastic hippocampi, and hypoplastic optic cups (Fig. 1, A–L). 	Acquired microcephaly (HP:0004485), Severe global developmental delay (HP:0001263), Spastic quadriplegia (HP:0001258), Congenital contractures of joints (HP:0001371), Epilepsy (HP:0001250), Facial dysmorphism (HP:0001999), Small sloping forehead (HP:0000340), upslanting palpebral fissures (HP:0000582), high broad nasal bridge (HP:0000431), broad depressed nasal tip (HP:0000437), long flat philtrum (HP:0000319), thin upper lip (HP:0000219), Hypoplastic inferior cerebellar vermis and cerebellar hemispheres (HP:0001320), large fourth ventricle (HP:0002119), decreased supratentorial white matter volume and thinning of corpus callosum (HP:0002079), Ventricular septal defect (HP:0001629)	NM_018303.6	c.1309C>T	p.Arg437*	stop gained	homozygous	maternally and paternally inherited homozygous	32639540	Van Bergen	2020	Journal of Experimental Medicine	case series			x		N	chr6:g.576766G>A, hg19	AC: I believe this one is also AR for the variant. I updated it	pmid:32639540	Mutations in the exocyst component EXOC2 cause severe defects in human brain development.	True	CC BY-NC-SA	PMC7537385	https://pubmed.ncbi.nlm.nih.gov/32639540/	Limited	train
EXOC2	hg19	c.1309C>A	1:IV-8	progressive microcephaly, congenital cataracts, severe global developmental delay, seizures, severe intellectual disability, and facial dysmorphism (Table 1). Patient 1 also had epilepsy. Brain magnetic resonance imaging (MRI) showed hypoplastic cerebellum and brainstem, white matter loss, thinning of the corpus callosum, severely hypoplastic hippocampi, and hypoplastic optic cups (Fig. 1, A–L). 	Acquired microcephaly (HP:0004485), Severe global developmental delay (HP:0001263), Spastic quadriplegia (HP:0001258), Congenital contractures of joints (HP:0001371), Facial dysmorphism (HP:0001999), Sloping forehead (HP:0000340), hypertelorism (HP:0000316), upslanting palpebral fissures (HP:0000582), broad depressed nasal bridge (HP:0005280), broad depressed nasal tip (HP:0000437), Hypoplastic optic discs (HP:0007766), generalized decreased myelination (HP:0012447), frontal horn cysts (HP:0030724), fusion of thalami (HP:0010664), hypoplastic brainstem (HP:0002365), hypoplasticcerebellum (HP:0001321)	NM_018303.6	c.1309C>T	p.Arg437*	stop gained	homozygous	maternally and paternally inherited homozygous	32639540	Van Bergen	2020	Journal of Experimental Medicine	case series			x		N	chr6:g.576766G>A, hg19	AC: It seems like a category was added here. I added it to our main sheet	pmid:32639540	Mutations in the exocyst component EXOC2 cause severe defects in human brain development.	True	CC BY-NC-SA	PMC7537385	https://pubmed.ncbi.nlm.nih.gov/32639540/	Limited	train
EXOC2	hg19	c.389G>A	2:II-1	(table 1) mild intellectual disability, dysmorphism, mild obstructive sleep apnea syndrome, and poor fine and gross motor skills, and MRI revealed a “molar tooth” midbrain malformation and an abnormal structure of the cerebellar cortical pattern	Facial dysmorphism (HP:0001999), oval face (HP:0000300), slight bitemporal depression (HP:0025386), high forehead (HP:0000348), arched eyebrows (HP:0002553), hypertelorism (HP:0000316), low-set simplified ears (HP:0000369), thin upper lip (HP:0000219), slightly dry skin (HP:0000958), Molar tooth cerebellar abnormality (HP:0002419), vermis hypoplasia (HP:0001320), rhombencephalosynapsis (HP:0031913), Small accessory spleen (HP:0010451), obstructive sleep apnea syndrome (HP:0002870)	NM_018303.5	c.389G>A	p.Arg130His	missense	compound heterozygous	paternally inherited	32639540	Van Bergen	2020	Journal of Experimental Medicine	case series			x		N		do we think this transcript ID in the table is a text bug in the paper? I think this is correct. What makes you think that this is incorrrect?	pmid:32639540	Mutations in the exocyst component EXOC2 cause severe defects in human brain development.	True	CC BY-NC-SA	PMC7537385	https://pubmed.ncbi.nlm.nih.gov/32639540/	Limited	train
EXOC2	hg19	c.1739T>C	2:II-1	(table 1) mild intellectual disability, dysmorphism, mild obstructive sleep apnea syndrome, and poor fine and gross motor skills, and MRI revealed a “molar tooth” midbrain malformation and an abnormal structure of the cerebellar cortical pattern	Facial dysmorphism (HP:0001999), oval face (HP:0000300), slight bitemporal depression (HP:0025386), high forehead (HP:0000348), arched eyebrows (HP:0002553), hypertelorism (HP:0000316), low-set simplified ears (HP:0000369), thin upper lip (HP:0000219), slightly dry skin (HP:0000958), Molar tooth cerebellar abnormality (HP:0002419), vermis hypoplasia (HP:0001320), rhombencephalosynapsis (HP:0031913), Small accessory spleen (HP:0010451), obstructive sleep apnea syndrome (HP:0002870)	NM_018303.5	c.1739T>C	p.Leu580Ser	missense	compound heterozygous	maternally inherited	32639540	Van Bergen	2020	Journal of Experimental Medicine	case series			x		N			pmid:32639540	Mutations in the exocyst component EXOC2 cause severe defects in human brain development.	True	CC BY-NC-SA	PMC7537385	https://pubmed.ncbi.nlm.nih.gov/32639540/	Limited	train
RNASEH1	Unknown	c.487T>C	patient	progressive palpebral ptosis without diplopia of 2 years duration, associated with a feeling of early fatigue with exercise, mild dysphagia and dysarthria. Physical examination showed moderate, fatigue-unrelated palpebral ptosis, associated with limitations in bilateral ocular movement. No significant muscle weakness was observed, except for a slight lingual weakness.	External ophthalmoplegia (HP:0000544), Progressive ptosis (HP:0007838), Exercise-induced muscle fatigue (HP:0009020), Dysphagia (HP:0002015), Dysarthria (HP:0001260), Abnormality of eye movement (HP:0000496)	NM_002936.3	c.487T>C	p.Tyr163His	missense	homozygous	unknown	31258551	Carreño-Gago	2019	Front Genet	case report		x	x		N			pmid:31258551	Identification and Characterization of New RNASEH1 Mutations Associated With PEO Syndrome and Multiple Mitochondrial DNA Deletions.	True	CC BY	PMC6588129	https://pubmed.ncbi.nlm.nih.gov/31258551/	Limited	train
RNASEH1	Unknown	c.258_260del	patient	progressive palpebral ptosis without diplopia of 2 years duration, associated with a feeling of early fatigue with exercise, mild dysphagia and dysarthria. Physical examination showed moderate, fatigue-unrelated palpebral ptosis, associated with limitations in bilateral ocular movement. No significant muscle weakness was observed, except for a slight lingual weakness.	External ophthalmoplegia (HP:0000544), Progressive ptosis (HP:0007838), Exercise-induced muscle fatigue (HP:0009020), Dysphagia (HP:0002015), Dysarthria (HP:0001260), Abnormality of eye movement (HP:0000496)	NM_002936.3	c.258_260del	p.Gln86del	inframe deletion	homozygous	unknown	31258551	Carreño-Gago	2019	Front Genet	case report		x	x		N			pmid:31258551	Identification and Characterization of New RNASEH1 Mutations Associated With PEO Syndrome and Multiple Mitochondrial DNA Deletions.	True	CC BY	PMC6588129	https://pubmed.ncbi.nlm.nih.gov/31258551/	Limited	train
RNASEH1	Unknown	p.Gly165Arg	59	Patients with RNASEH1 mutations were diagnosed as mitochondrial encephalomyopathy with PEO and marked cerebellar syndrome.	Mitochondrial encephalopathy (HP:0006789), Progressive external ophthalmoplegia (HP:0000590), Ataxia (HP:0001251)			p.Gly165Arg	missense	homozygous	unknown	33396418	Kierdaszuk	2021	Genes	cohort analysis					Y	hgvsc not provided in text, inferred from AA variant, but one of multiple possibilities. You can get it at https://www.mdpi.com/2073-4425/12/1/54/s1 in Excel file	"AC: It says ""+ (2 del)"" in supplement under muscle type of deletion"	pmid:33396418	Progressive External Ophthalmoplegia in Polish Patients-From Clinical Evaluation to Genetic Confirmation.	True	CC BY	PMC7824435	https://pubmed.ncbi.nlm.nih.gov/33396418/	Limited	train
RNASEH1	Unknown	p.Gly165Arg	60	Patients with RNASEH1 mutations were diagnosed as mitochondrial encephalomyopathy with PEO and marked cerebellar syndrome.	Mitochondrial encephalopathy (HP:0006789), Progressive external ophthalmoplegia (HP:0000590), Ataxia (HP:0001251)			p.Gly165Arg	missense	homozygous	unknown	33396418	Kierdaszuk	2021	Genes	cohort analysis					Y	hgvsc not provided in text, inferred from AA variant, but one of multiple possibilities. You can get it at https://www.mdpi.com/2073-4425/12/1/54/s1 in Excel file	"AC: It says ""+ (multiple)"" in supplement under muscle type of deletion"	pmid:33396418	Progressive External Ophthalmoplegia in Polish Patients-From Clinical Evaluation to Genetic Confirmation.	True	CC BY	PMC7824435	https://pubmed.ncbi.nlm.nih.gov/33396418/	Limited	train
DNAJC7	GRCh37	c.712A>G (p.R238G)	patient	dysarthria, dysphagia, and muscle weakness in his upper limbs at 43 years of age. Four months later, his respiratory muscles were involved with mild dyspnea when he walked. Neurological examination revealed positive frontal release reflex on both sides, suggesting that the upper motor neurons may be affected. Muscle atrophy was obvious in all four extremities. Electromyography (EMG) revealed abundant and diffuse ongoing denervation (spontaneous potentials) and chronic reinnervation changes at four segments (bulbar, cervical, thoracic, and lumbar)	Dysarthria (HP:0001260), Dysphagia (HP:0002015), Upper limb muscle weakness (HP:0003484), Exertional dyspnea (HP:0002875), Frontal release signs (HP:0000743), Upper limb muscle weakness (HP:0003484), Lower limb muscle weakness (HP:0007340), EMG neuropathic changes (HP:0003445)	NM_003315	c.712A>G	p.R238G	missense	heterozygous	unknown	33193563	Wang	2020	Frontiers in genetics	case report	x				N	chr17:40141463, took ~ 25 minutes, AC: c.281G>C is another variant that was found to be likely benign so I included it		pmid:33193563	A Novel Potentially Pathogenic Rare Variant in the DNAJC7 Gene Identified in Amyotrophic Lateral Sclerosis Patients From Mainland China.	True	CC BY	PMC7476650	https://pubmed.ncbi.nlm.nih.gov/33193563/	Limited	train
DNAJC7	GRCh37	c.281G>C (p.S94T)	patient	benign			c.281G>C	p.S94T	missense	none	unknown	33193563	Wang	2020	Frontiers in genetics	case report	x				N	chr17:40141463, took ~ 25 minutes, AC: c.281G>C is another variant that was found to be likely benign so I included it	AC: c.281G>C is another variant that was found to be likely benign. Do we include this one?	pmid:33193563	A Novel Potentially Pathogenic Rare Variant in the DNAJC7 Gene Identified in Amyotrophic Lateral Sclerosis Patients From Mainland China.	True	CC BY	PMC7476650	https://pubmed.ncbi.nlm.nih.gov/33193563/	Limited	train
DNAJC7	Unknown	p.D8H	unknown	Amyotrophic Lateral Sclerosis	Amyotrophic Lateral Sclerosis (HP:0007354)		c.22G > C	p.D8H	missense	none	unknown	35456894	Dilliott	2022	International Journal of Molecular Sciences	review					N		AC: this is also not at the patient level. How to address?	pmid:35456894	DnaJC7 in Amyotrophic Lateral Sclerosis.	True	CC BY	PMC9025444	https://pubmed.ncbi.nlm.nih.gov/35456894/	Limited	train
DNAJC7	Unknown	p.E33X	unknown	Amyotrophic Lateral Sclerosis	Amyotrophic Lateral Sclerosis (HP:0007354)		c.97G > T	p.E33X	stop gained	none	unknown	35456894	Dilliott	2022	International Journal of Molecular Sciences	review					N			pmid:35456894	DnaJC7 in Amyotrophic Lateral Sclerosis.	True	CC BY	PMC9025444	https://pubmed.ncbi.nlm.nih.gov/35456894/	Limited	train
DNAJC7	Unknown	p.Q120X	unknown	Amyotrophic Lateral Sclerosis	Amyotrophic Lateral Sclerosis (HP:0007354)		c.358C > T	p.Q120X	stop gained	none	unknown	35456894	Dilliott	2022	International Journal of Molecular Sciences	review					N			pmid:35456894	DnaJC7 in Amyotrophic Lateral Sclerosis.	True	CC BY	PMC9025444	https://pubmed.ncbi.nlm.nih.gov/35456894/	Limited	train
DNAJC7	Unknown	p.Q134Rfs*6	unknown	Amyotrophic Lateral Sclerosis	Amyotrophic Lateral Sclerosis (HP:0007354)		c.401_402delAA	p.Q134Rfs*6	frameshift deletion	none	unknown	35456894	Dilliott	2022	International Journal of Molecular Sciences	review					N		AC: this is a truncating frameshift. Thoughts on how to label this?	pmid:35456894	DnaJC7 in Amyotrophic Lateral Sclerosis.	True	CC BY	PMC9025444	https://pubmed.ncbi.nlm.nih.gov/35456894/	Limited	train
DNAJC7	Unknown	p.K137R	unknown	Amyotrophic Lateral Sclerosis	Amyotrophic Lateral Sclerosis (HP:0007354)		c.410A > G	p.K137R	missense	none	unknown	35456894	Dilliott	2022	International Journal of Molecular Sciences	review					N			pmid:35456894	DnaJC7 in Amyotrophic Lateral Sclerosis.	True	CC BY	PMC9025444	https://pubmed.ncbi.nlm.nih.gov/35456894/	Limited	train
DNAJC7	Unknown	p.R156X	unknown	Amyotrophic Lateral Sclerosis	Amyotrophic Lateral Sclerosis (HP:0007354)		c.466C > T	p.R156X	stop gained	none	unknown	35456894	Dilliott	2022	International Journal of Molecular Sciences	review					N			pmid:35456894	DnaJC7 in Amyotrophic Lateral Sclerosis.	True	CC BY	PMC9025444	https://pubmed.ncbi.nlm.nih.gov/35456894/	Limited	train
DNAJC7	Unknown	p.R156Q	unknown	Amyotrophic Lateral Sclerosis	Amyotrophic Lateral Sclerosis (HP:0007354)		c.467G > A	p.R156Q	missense	none	unknown	35456894	Dilliott	2022	International Journal of Molecular Sciences	review					N			pmid:35456894	DnaJC7 in Amyotrophic Lateral Sclerosis.	True	CC BY	PMC9025444	https://pubmed.ncbi.nlm.nih.gov/35456894/	Limited	train
DNAJC7	Unknown	p.F163fs*17	unknown	Amyotrophic Lateral Sclerosis	Amyotrophic Lateral Sclerosis (HP:0007354)		c.488delT	p.F163fs*17	frameshift	none	unknown	35456894	Dilliott	2022	International Journal of Molecular Sciences	review					N			pmid:35456894	DnaJC7 in Amyotrophic Lateral Sclerosis.	True	CC BY	PMC9025444	https://pubmed.ncbi.nlm.nih.gov/35456894/	Limited	train
DNAJC7	Unknown	p.D211N	unknown	Amyotrophic Lateral Sclerosis	Amyotrophic Lateral Sclerosis (HP:0007354)		c.631G > A	p.D211N	missense	none	unknown	35456894	Dilliott	2022	International Journal of Molecular Sciences	review					N			pmid:35456894	DnaJC7 in Amyotrophic Lateral Sclerosis.	True	CC BY	PMC9025444	https://pubmed.ncbi.nlm.nih.gov/35456894/	Limited	train
DNAJC7	Unknown	p.R216X	unknown	Amyotrophic Lateral Sclerosis	Amyotrophic Lateral Sclerosis (HP:0007354)		c.646C > T	p.R216X	stop gained	none	unknown	35456894	Dilliott	2022	International Journal of Molecular Sciences	review					N			pmid:35456894	DnaJC7 in Amyotrophic Lateral Sclerosis.	True	CC BY	PMC9025444	https://pubmed.ncbi.nlm.nih.gov/35456894/	Limited	train
DNAJC7	Unknown	p.R238G	unknown	Amyotrophic Lateral Sclerosis	Amyotrophic Lateral Sclerosis (HP:0007354)		c. 712A > G	p.R238G	missense	none	unknown	35456894	Dilliott	2022	International Journal of Molecular Sciences	review					N			pmid:35456894	DnaJC7 in Amyotrophic Lateral Sclerosis.	True	CC BY	PMC9025444	https://pubmed.ncbi.nlm.nih.gov/35456894/	Limited	train
DNAJC7	Unknown	NA	unknown	Amyotrophic Lateral Sclerosis	Amyotrophic Lateral Sclerosis (HP:0007354)		c.754-3T > C	NA	splice region	none	unknown	35456894	Dilliott	2022	International Journal of Molecular Sciences	review					N			pmid:35456894	DnaJC7 in Amyotrophic Lateral Sclerosis.	True	CC BY	PMC9025444	https://pubmed.ncbi.nlm.nih.gov/35456894/	Limited	train
DNAJC7	Unknown	NA	unknown	Amyotrophic Lateral Sclerosis	Amyotrophic Lateral Sclerosis (HP:0007354)		c.1011-2A > G	NA	splice region	none	unknown	35456894	Dilliott	2022	International Journal of Molecular Sciences	review					N			pmid:35456894	DnaJC7 in Amyotrophic Lateral Sclerosis.	True	CC BY	PMC9025444	https://pubmed.ncbi.nlm.nih.gov/35456894/	Limited	train
DNAJC7	Unknown	p.Y338N	unknown	Amyotrophic Lateral Sclerosis	Amyotrophic Lateral Sclerosis (HP:0007354)		c.1012T > A	p.Y338N	missense	none	unknown	35456894	Dilliott	2022	International Journal of Molecular Sciences	review					N			pmid:35456894	DnaJC7 in Amyotrophic Lateral Sclerosis.	True	CC BY	PMC9025444	https://pubmed.ncbi.nlm.nih.gov/35456894/	Limited	train
DNAJC7	Unknown	p.R412W	unknown	Amyotrophic Lateral Sclerosis	Amyotrophic Lateral Sclerosis (HP:0007354)		c.1234C > T	p.R412W	missense	none	unknown	35456894	Dilliott	2022	International Journal of Molecular Sciences	review					N			pmid:35456894	DnaJC7 in Amyotrophic Lateral Sclerosis.	True	CC BY	PMC9025444	https://pubmed.ncbi.nlm.nih.gov/35456894/	Limited	train
DNAJC7	Unknown	p.E425K	unknown	Amyotrophic Lateral Sclerosis	Amyotrophic Lateral Sclerosis (HP:0007354)		c.1273G > A	p.E425K	missense	none	unknown	35456894	Dilliott	2022	International Journal of Molecular Sciences	review					N			pmid:35456894	DnaJC7 in Amyotrophic Lateral Sclerosis.	True	CC BY	PMC9025444	https://pubmed.ncbi.nlm.nih.gov/35456894/	Limited	train
ZNF423	Unknown	NM_015069:c.T1144C:p.S382P	29	Joubert syndrome 19 (614844); Nephronophthisis 14 (614844)	Joubert syndrome (OMIM:614844), Nephronophthisis 14 (OMIM:614844)	NM_015069.5	c.1144T>C	p.S382P	missense	heterozygous	unknown	33270637	Brauner	2020	PLoS One	cohort analysis	x				N	The transcript RefSeq ID provided did not have a version number, latest version was assumed, which is a best guess given the publication date		pmid:33270637	Pituitary stalk interruption syndrome is characterized by genetic heterogeneity.	True	CC BY	PMC7714207	https://pubmed.ncbi.nlm.nih.gov/33270637/	Limited	train
ZNF423	Unknown	(c.1192C>T)(p.Arg398Trp)	patient	episodes of spasms of trunk along with stiffening of the arms and legs, global developmental delay, facial dysmorphism, Epileptic flexor spasms, mild central hypotonia, hypsarrhythmia, molar tooth sign of midbrain, prominent cerebellar folia, small cerebellar vermis, prominent fourth ventricle	Global developmental delay (HP:0001263), Abnormal facial shape (HP:0001999), Epileptic spasm (HP:0011097), Hypotonia (HP:0001252), Hypsarrhythmia (HP:0002521), Molar tooth sign on MRI (HP:0002419), Abnormal cerebellum morphology (HP:0001317), Abnormal fourth ventricle morphology (HP:0010950)		c.1192C>T	p.Arg398Trp	missense	compound heterozygous	unknown	33531950	Sivathanu	2020	J Pediatr Neurosci	case report					N			pmid:33531950	An Atypical Presentation of Joubert Syndrome Due to a Novel Mutation in ZNF423 Gene.	True	CC BY-NC-SA	PMC7847091	https://pubmed.ncbi.nlm.nih.gov/33531950/	Limited	train
ZNF423	Unknown	(c.272C>T)(p.pro91Leu)	patient	episodes of spasms of trunk along with stiffening of the arms and legs, global developmental delay, facial dysmorphism, Epileptic flexor spasms, mild central hypotonia, hypsarrhythmia, molar tooth sign of midbrain, prominent cerebellar folia, small cerebellar vermis, prominent fourth ventricle	Global developmental delay (HP:0001263), Abnormal facial shape (HP:0001999), Epileptic spasm (HP:0011097), Hypotonia (HP:0001252), Hypsarrhythmia (HP:0002521), Molar tooth sign on MRI (HP:0002419), Abnormal cerebellum morphology (HP:0001317), Abnormal fourth ventricle morphology (HP:0010950)		c.272C>T	p.pro91Leu	missense	compound heterozygous	unknown	33531950	Sivathanu	2020	J Pediatr Neurosci	case report					N			pmid:33531950	An Atypical Presentation of Joubert Syndrome Due to a Novel Mutation in ZNF423 Gene.	True	CC BY-NC-SA	PMC7847091	https://pubmed.ncbi.nlm.nih.gov/33531950/	Limited	train
SARS1	hg19	c.969_969+2delGGT	patient	patient affected by complex spastic paraplegia with ataxia, intellectual disability, developmental delay and seizures	Spastic paraplegia (HP:0001258), Ataxia (HP:0001251), Intellectual disability (HP:0001249), Global developmental delay (HP:0001263), Seizure (HP:0001250)	NM_001330669	c.969_969+2delGGT	 	splice donor	heterozygous	de novo	36041817	Verdura	2022	Journal of Medical Genetics	case report			x	x	N			pmid:36041817	Loss of seryl-tRNA synthetase (SARS1) causes complex spastic paraplegia and cellular senescence.	True	CC BY	PMC9691831	https://pubmed.ncbi.nlm.nih.gov/36041817/	Limited	train
BAZ2B	Unknown	NM_001289975.1(BAZ2B):c.242C>G (p.Ser81Ter)	00136-C	Intellectual disability (moderate); Autism spectrum disorder; Macrocephaly; Facial dysmorphism	Intellectual disability moderate (HP:0002342), Autistic behavior (HP:0000729), Macrocephaly (HP:0000256), Facial dysmorphism (HP:0001999)	NM_001289975.1	c.242C>G	p.Ser81Ter	stop gained	heterozygous	de novo	28554332	Bowling	2017	Genome med	cohort analysis	x				Y			pmid:28554332	Genomic diagnosis for children with intellectual disability and/or developmental delay.	True	CC BY	PMC5448144	https://pubmed.ncbi.nlm.nih.gov/28554332/	Limited	train
BAZ2B	GRCh37	2-160245992-T-C	11328				c.3080A>G	p.Lys1027Arg	missense	none	unknown	33057194	Kaplanis	2020	Nature	cohort analysis					Y			pmid:33057194	Evidence for 28 genetic disorders discovered by combining healthcare and research data.	True	none	PMC7116826	https://pubmed.ncbi.nlm.nih.gov/33057194/	Limited	train
BAZ2B	GRCh37	2-160268930-G-A	115797				c.2593C>T	p.Arg865Trp	missense	none	unknown	33057194	Kaplanis	2020	Nature	cohort analysis					Y			pmid:33057194	Evidence for 28 genetic disorders discovered by combining healthcare and research data.	True	none	PMC7116826	https://pubmed.ncbi.nlm.nih.gov/33057194/	Limited	train
BAZ2B	GRCh37	2-160239104-T-C	16008				c.3971A>G	p.Lys1324Arg	missense	none	unknown	33057194	Kaplanis	2020	Nature	cohort analysis					Y			pmid:33057194	Evidence for 28 genetic disorders discovered by combining healthcare and research data.	True	none	PMC7116826	https://pubmed.ncbi.nlm.nih.gov/33057194/	Limited	train
BAZ2B	GRCh37	2-160304759-C-T	16729				c.496G>A	p.Glu166Lys	missense	none	unknown	33057194	Kaplanis	2020	Nature	cohort analysis					Y			pmid:33057194	Evidence for 28 genetic disorders discovered by combining healthcare and research data.	True	none	PMC7116826	https://pubmed.ncbi.nlm.nih.gov/33057194/	Limited	train
BAZ2B	GRCh37	2-160335215-G-A	39706				c.16C>T	p.Arg6Trp	missense	none	unknown	33057194	Kaplanis	2020	Nature	cohort analysis					Y			pmid:33057194	Evidence for 28 genetic disorders discovered by combining healthcare and research data.	True	none	PMC7116826	https://pubmed.ncbi.nlm.nih.gov/33057194/	Limited	train
BAZ2B	GRCh37	2-160182315-CAG-C	46194				c.6056_6057del	p.Ser2019CysfsTer5	frameshift	none	unknown	33057194	Kaplanis	2020	Nature	cohort analysis					Y			pmid:33057194	Evidence for 28 genetic disorders discovered by combining healthcare and research data.	True	none	PMC7116826	https://pubmed.ncbi.nlm.nih.gov/33057194/	Limited	train
BAZ2B	GRCh37	2-160241843-C-T	75987				c.3509G>A	p.Gly1170Asp	missense	none	unknown	33057194	Kaplanis	2020	Nature	cohort analysis					Y			pmid:33057194	Evidence for 28 genetic disorders discovered by combining healthcare and research data.	True	none	PMC7116826	https://pubmed.ncbi.nlm.nih.gov/33057194/	Limited	train
BAZ2B	GRCh37	2-160303406-T-C	81731				c.583A>G	p.Ser195Gly	missense	none	unknown	33057194	Kaplanis	2020	Nature	cohort analysis					Y			pmid:33057194	Evidence for 28 genetic disorders discovered by combining healthcare and research data.	True	none	PMC7116826	https://pubmed.ncbi.nlm.nih.gov/33057194/	Limited	train
BAZ2B	GRCh37	2-160295708-C-T	DDD13k.04553				c.712G>A	p.Ala238Thr	missense	none	unknown	33057194	Kaplanis	2020	Nature	cohort analysis					Y			pmid:33057194	Evidence for 28 genetic disorders discovered by combining healthcare and research data.	True	none	PMC7116826	https://pubmed.ncbi.nlm.nih.gov/33057194/	Limited	train
BAZ2B	GRCh37	2-160303361-G-A	DDD13k.03032				c.628C>T	p.Arg210Ter	stop gained	none	unknown	33057194	Kaplanis	2020	Nature	cohort analysis					Y			pmid:33057194	Evidence for 28 genetic disorders discovered by combining healthcare and research data.	True	none	PMC7116826	https://pubmed.ncbi.nlm.nih.gov/33057194/	Limited	train
BAZ2B	GRCh37	2-160243002-C-G	rumc_patient_1052				c.3333G>C	p.Val1111=	synonymous	none	unknown	33057194	Kaplanis	2020	Nature	cohort analysis					Y			pmid:33057194	Evidence for 28 genetic disorders discovered by combining healthcare and research data.	True	none	PMC7116826	https://pubmed.ncbi.nlm.nih.gov/33057194/	Limited	train
BAZ2B	GRCh37	2-160304906-G-A	rumc_patient_599				c.349C>T	p.Arg117Ter	stop gained	none	unknown	33057194	Kaplanis	2020	Nature	cohort analysis					Y			pmid:33057194	Evidence for 28 genetic disorders discovered by combining healthcare and research data.	True	none	PMC7116826	https://pubmed.ncbi.nlm.nih.gov/33057194/	Limited	train
B4GAT1	Unknown	c.464T > C, compound het with LacZ null allele	unknown	congenital muscular dystrophies (CMDs)	Congenital muscular dystrophy (HP:0003741)		c.464T>C	p.M155T	missense	compound heterozygous	unknown	25279699	Willer	2014	eLife	other				x	N	Mouse model paper interrogating multiple variants		pmid:25279699	The glucuronyltransferase B4GAT1 is required for initiation of LARGE-mediated α-dystroglycan functional glycosylation.	True	CC BY	PMC4227050	https://pubmed.ncbi.nlm.nih.gov/25279699/	Moderate	train
TOP2B	Unknown	H58Y	unknown	reduces the nuclear mobility of TOP2B				p.H58Y	missense	heterozygous	de novo	36450898	Morotomi‑Yano	2022	Nature Scientific Reports	case report		x			N			pmid:36450898	Disease-associated H58Y mutation affects the nuclear dynamics of human DNA topoisomerase IIβ.	True	CC BY	PMC9712534	https://pubmed.ncbi.nlm.nih.gov/36450898/	Moderate	train
TOP2B	Unknown	S483L	unknown	B cell immunodeficiency	Immunodeficiency (HP:0002721)			p.S483L	missense	none	unknown	36450898	Morotomi‑Yano	2022	Nature Scientific Reports	case report					N			pmid:36450898	Disease-associated H58Y mutation affects the nuclear dynamics of human DNA topoisomerase IIβ.	True	CC BY	PMC9712534	https://pubmed.ncbi.nlm.nih.gov/36450898/	Moderate	train
TOP2B	Unknown	A485P	unknown	B cell immunodeficiency	Immunodeficiency (HP:0002721)			p.A485P	missense	none	unknown	36450898	Morotomi‑Yano	2022	Nature Scientific Reports	case report					N			pmid:36450898	Disease-associated H58Y mutation affects the nuclear dynamics of human DNA topoisomerase IIβ.	True	CC BY	PMC9712534	https://pubmed.ncbi.nlm.nih.gov/36450898/	Moderate	train
TOP2B	Unknown	EE587E	unknown	B cell immunodeficiency	Immunodeficiency (HP:0002721)			p.EE587E	missense	none	unknown	36450898	Morotomi‑Yano	2022	Nature Scientific Reports	case report					N			pmid:36450898	Disease-associated H58Y mutation affects the nuclear dynamics of human DNA topoisomerase IIβ.	True	CC BY	PMC9712534	https://pubmed.ncbi.nlm.nih.gov/36450898/	Moderate	train
TOP2B	Unknown	G633S	unknown	B cell immunodeficiency	Immunodeficiency (HP:0002721)			p.G633S	missense	none	unknown	36450898	Morotomi‑Yano	2022	Nature Scientific Reports	case report					N			pmid:36450898	Disease-associated H58Y mutation affects the nuclear dynamics of human DNA topoisomerase IIβ.	True	CC BY	PMC9712534	https://pubmed.ncbi.nlm.nih.gov/36450898/	Moderate	train
TOP2B	Unknown	Y66F	unknown	these mutant TOP2B proteins were insensitive to ICRF-187.  These mutants were highly mobile, and their nuclear mobilities were comparable to that of EGFP-TOP2B WT				p.Y66F	missense	none	unknown	36450898	Morotomi‑Yano	2022	Nature Scientific Reports	case report		x			N			pmid:36450898	Disease-associated H58Y mutation affects the nuclear dynamics of human DNA topoisomerase IIβ.	True	CC BY	PMC9712534	https://pubmed.ncbi.nlm.nih.gov/36450898/	Moderate	train
TOP2B	Unknown	T65I	unknown	these mutant TOP2B proteins were insensitive to ICRF-187.  These mutants were highly mobile, and their nuclear mobilities were comparable to that of EGFP-TOP2B WT				p.T65I	missense	none	unknown	36450898	Morotomi‑Yano	2022	Nature Scientific Reports	case report		x			N			pmid:36450898	Disease-associated H58Y mutation affects the nuclear dynamics of human DNA topoisomerase IIβ.	True	CC BY	PMC9712534	https://pubmed.ncbi.nlm.nih.gov/36450898/	Moderate	train
TOP2B	Unknown	G180I	unknown	restoration of TOP2B H58Y mobility by G180I. cancels the efect of H58Y on the nuclear mobility of TOP2B.  restores the nuclear mobility of TOP2B H58Y				p.G180I	missense	none	unknown	36450898	Morotomi‑Yano	2022	Nature Scientific Reports	case report		x			N			pmid:36450898	Disease-associated H58Y mutation affects the nuclear dynamics of human DNA topoisomerase IIβ.	True	CC BY	PMC9712534	https://pubmed.ncbi.nlm.nih.gov/36450898/	Moderate	train
TOP2B	Unknown	L185F	unknown	ICRF-insensitive and partially retains the catalytic activity. did not cancel the efect of H58Y on the mobility				p.L185F	missense	none	unknown	36450898	Morotomi‑Yano	2022	Nature Scientific Reports	case report		x			N			pmid:36450898	Disease-associated H58Y mutation affects the nuclear dynamics of human DNA topoisomerase IIβ.	True	CC BY	PMC9712534	https://pubmed.ncbi.nlm.nih.gov/36450898/	Moderate	train
TOP2B	Unknown	c.187C > T	patient	global developmental delay and autism spectrum disorder. Walk with support. Intellectual disability severe. Speech development no word. Autistic behavior. Seizures. Abnormal electroencephalogram	global developmental delay (HP:0001263), autistic behavior (HP:0000729)		c.187C>T	p.His63Tyr	missense	none	de novo	31953910	Hiraide	2019	Molecular Genetics and Genomic Medicine	case report					N			pmid:31953910	A de novo TOP2B variant associated with global developmental delay and autism spectrum disorder.	True	CC BY	PMC7057084	https://pubmed.ncbi.nlm.nih.gov/31953910/	Moderate	train
TOP2B	Unknown	c.187C > T	Lam et al.	global developmental delay and autism spectrum disorder. Walk with support. Intellectual disability severe. Speech development no word. Autistic behavior. Strabismus, myopia and astigmatism	global developmental delay (HP:0001263), autistic behavior (HP:0000729)		c.187C>T	p.His63Tyr	missense	none	de novo	31953910	Hiraide	2019	Molecular Genetics and Genomic Medicine	case report					N			pmid:31953910	A de novo TOP2B variant associated with global developmental delay and autism spectrum disorder.	True	CC BY	PMC7057084	https://pubmed.ncbi.nlm.nih.gov/31953910/	Moderate	train
SLFN14	Unknown	K218E	unknown	Inherited thrombocytopenia, Patients revealed moderate IT with severe bleeding history and platelet ATP secretion defects	Congenital Thrombocytopenia (HP:0001905)			p.K218E	missense	heterozygous	unknown	29678925	Fletcher	2018	RNA	other		x			N	This is a functional study, HGVS.C taken from dbSNP using the rsid obtained from litvar2, AC: Added to text description of phenotype		pmid:29678925	Role of the novel endoribonuclease SLFN14 and its disease-causing mutations in ribosomal degradation.	True	CC BY	PMC6004054	https://pubmed.ncbi.nlm.nih.gov/29678925/	Moderate	train
SLFN14	Unknown	K219N	unknown	Inherited thrombocytopenia, Patients revealed moderate IT with severe bleeding history and platelet ATP secretion defects	Congenital Thrombocytopenia (HP:0001905)			p.K219N	missense	heterozygous	unknown	29678925	Fletcher	2018	RNA	other		x			N	This is a functional study, HGVS.C taken from dbSNP using the rsid obtained from litvar2, AC: Added to text description of phenotype		pmid:29678925	Role of the novel endoribonuclease SLFN14 and its disease-causing mutations in ribosomal degradation.	True	CC BY	PMC6004054	https://pubmed.ncbi.nlm.nih.gov/29678925/	Moderate	train
SLFN14	Unknown	V220D	unknown	Inherited thrombocytopenia, Patients revealed moderate IT with severe bleeding history and platelet ATP secretion defects	Congenital Thrombocytopenia (HP:0001905)			p.V220D	missense	heterozygous	unknown	29678925	Fletcher	2018	RNA	other		x			N	This is a functional study, HGVS.C taken from dbSNP using the rsid obtained from litvar2,  AC: Added to text description of phenotype		pmid:29678925	Role of the novel endoribonuclease SLFN14 and its disease-causing mutations in ribosomal degradation.	True	CC BY	PMC6004054	https://pubmed.ncbi.nlm.nih.gov/29678925/	Moderate	train
SLFN14	Unknown	c.655 A > G (p.K219E)	patient	patient with macrothrombocytopenia and severe mucocutaneous bleeding. Platelet-type bleeding disorder (BDPLT20, OMIM #616,913). thrombocytopenia and life-long history of severe bleeding, nosebleeds, primary teeth replacement, menorrhagia. Hemarthroses after minor trauma.	Macrothrombocytopenia (HP:0040185), Abnormal bleeding (HP:0001892), Bleeding disorder platelet-type 20  (OMIM:616913), Spontaneous recurrent epistaxis (HP:0004406), Premature loss of primary teeth (HP:0006323), Menorrhagia (HP:0000132)	NM_001129820.2	c.655A>G	p.K219E	missense	heterozygous	unknown	37041648	Polokhov	2023	Orphanet J Rare Dis	case report	x				N	Transcript accession version number inferred.		pmid:37041648	Novel SLFN14 mutation associated with macrothrombocytopenia in a patient with severe haemorrhagic syndrome.	True	CC BY	PMC10091655	https://pubmed.ncbi.nlm.nih.gov/37041648/	Moderate	train
MLH3	Unknown	p.D206fs	4	Mismatch repair-deficient (dMMR) prostate cancer	Prostate cancer (HP:0012125)			p.D206fs	frameshift	none	unknown	33117677	Ye	2020	Front Oncol	case report					N	Patient also had AR copy number gain and RB1 copy number loss		pmid:33117677	Clinical Characterization of Mismatch Repair Gene-Deficient Metastatic Castration-Resistant Prostate Cancer.	True	CC BY	PMC7576180	https://pubmed.ncbi.nlm.nih.gov/33117677/	Moderate	train
MLH3	hg19	c.3343C>T (p.Arg1115Ter)	P-13	Women diagnosed with breast cancer	Breast carcinoma (HP:0003002)	NM_002439.4	c.3343C>T	p.Arg1115Ter	stop gained	heterozygous	unknown	37656691	Al-Kafaji	2023	PLoS One	cohort analysis	x				N			pmid:37656691	Investigation of germline variants in Bahraini women with breast cancer using next-generation sequencing based-multigene panel.	True	CC BY	PMC10473515	https://pubmed.ncbi.nlm.nih.gov/37656691/	Moderate	train
COG4	Unknown	G516R	unknown	mutation causes Saul-Wilson syndrome. an ultra-rare, autosomal dominant skeletal dysplasia syndrome discovered in 1990; only 16 patients have been identified to date	Skeletal dysplasia (HP:0002652)			p.Gly516Arg	missense	none	unknown	33688625	Zafra	2021	microPublication Biology	other				x	N	NOTE: all assays were performed using animals homozygous for the G529R mutation, but they do not say anything about the human variant	I dont think we have the right study type fields to characterize this paper, AC: why do we only have 1 X here?	pmid:33688625	Saul-Wilson Syndrome Missense Allele Does Not Show Obvious Golgi Defects in a C. elegans Model.	True	CC BY	PMC7933980	https://pubmed.ncbi.nlm.nih.gov/33688625/	Moderate	train
COG4	Unknown	R724W	unknown	Another pathogenic mutation that has been observed in this gene and all are clustered at the C-terminal end of the protein.  Congenital Disorder of Glycosylation type 2j. no phenotypic similarity to Saul-Wilson syndrome	Abnormal glycosylation (HP:0012345)			p.Arg724Trp	missense	none	unknown	33688625	Zafra	2021	microPublication Biology	case report					N			pmid:33688625	Saul-Wilson Syndrome Missense Allele Does Not Show Obvious Golgi Defects in a C. elegans Model.	True	CC BY	PMC7933980	https://pubmed.ncbi.nlm.nih.gov/33688625/	Moderate	train
COG4	Unknown	R729W	unknown	Another pathogenic mutation that has been observed in this gene and all are clustered at the C-terminal end of the protein.  Congenital Disorder of Glycosylation type 2j. no phenotypic similarity to Saul-Wilson syndrome	Abnormal glycosylation (HP:0012345)			p.Arg729Trp	missense	none	unknown	33688625	Zafra	2021	microPublication Biology	case report					N			pmid:33688625	Saul-Wilson Syndrome Missense Allele Does Not Show Obvious Golgi Defects in a C. elegans Model.	True	CC BY	PMC7933980	https://pubmed.ncbi.nlm.nih.gov/33688625/	Moderate	train
COG4	Unknown	R729A	unknown	Another pathogenic mutation that has been observed in this gene and all are clustered at the C-terminal end of the protein.  Congenital Disorder of Glycosylation type 2j. no phenotypic similarity to Saul-Wilson syndrome	Abnormal glycosylation (HP:0012345)			p.Arg729Ala	missense	none	unknown	33688625	Zafra	2021	microPublication Biology	case report					N			pmid:33688625	Saul-Wilson Syndrome Missense Allele Does Not Show Obvious Golgi Defects in a C. elegans Model.	True	CC BY	PMC7933980	https://pubmed.ncbi.nlm.nih.gov/33688625/	Moderate	train
COG4	Unknown	E764A	unknown	Another pathogenic mutation that has been observed in this gene and all are clustered at the C-terminal end of the protein.  Congenital Disorder of Glycosylation type 2j. no phenotypic similarity to Saul-Wilson syndrome	Abnormal glycosylation (HP:0012345)			p.Glu764Ala	missense	none	unknown	33688625	Zafra	2021	microPublication Biology	case report					N			pmid:33688625	Saul-Wilson Syndrome Missense Allele Does Not Show Obvious Golgi Defects in a C. elegans Model.	True	CC BY	PMC7933980	https://pubmed.ncbi.nlm.nih.gov/33688625/	Moderate	train
COG4	GRCh38	c.1255G>T	P21	Glycosylation IIj: hepatomegaly, liver failure, delayed psychomotor development, seizures, decreased coagulation factors, abnormal liver enzymes, microcephaly	Abnormal glycosylation (HP:0012345), Hepatomegaly (HP:0002240), Hepatic failure (HP:0001399), Global developmental delay (HP:0001263), Seizure (HP:0001250), Microcephaly (HP:0000252)		c.1255G>T	p.Glu419Ter	missense	compound heterozygous	paternally inherited	34298581	Liu	2021	Human Mutation Wiley	cohort analysis					N			pmid:34298581	Expanding the genotypes and phenotypes for 19 rare diseases by exome sequencing performed in pediatric intensive care unit.	True	CC BY-NC	PMC9292147	https://pubmed.ncbi.nlm.nih.gov/34298581/	Moderate	train
COG4	GRCh38	c.941G>A	P21	Glycosylation IIj: hepatomegaly, liver failure, delayed psychomotor development, seizures, decreased coagulation factors, abnormal liver enzymes, microcephaly	Abnormal glycosylation (HP:0012345), Hepatomegaly (HP:0002240), Hepatic failure (HP:0001399), Global developmental delay (HP:0001263), Seizure (HP:0001250), Microcephaly (HP:0000252)		c.941G>A	p.Cys314Tyr	missense	compound heterozygous	maternally inherited	34298581	Liu	2021	Human Mutation Wiley	cohort analysis					N			pmid:34298581	Expanding the genotypes and phenotypes for 19 rare diseases by exome sequencing performed in pediatric intensive care unit.	True	CC BY-NC	PMC9292147	https://pubmed.ncbi.nlm.nih.gov/34298581/	Moderate	train
JPH2	Unknown	p.Gly21Ter	unknown	Mutations in the JPH2 gene have been associated with several types of cardiomyopathy	Cardiomyopathy (HP:0001638)			p.Gly21Ter	stop gained	none	unknown	35001666	Lehnart	2022	Physiol Rev	review					N	Inferred reference is HG38 (Variant Validator)		pmid:35001666	The role of junctophilin proteins in cellular function.	True	CC BY	PMC8934682	https://pubmed.ncbi.nlm.nih.gov/35001666/	Moderate	train
JPH2	Unknown	p.Trp54Ter	unknown	Mutations in the JPH2 gene have been associated with several types of cardiomyopathy	Cardiomyopathy (HP:0001638)			p.Trp54Ter	stop gained	none	unknown	35001666	Lehnart	2022	Physiol Rev	review					N			pmid:35001666	The role of junctophilin proteins in cellular function.	True	CC BY	PMC8934682	https://pubmed.ncbi.nlm.nih.gov/35001666/	Moderate	train
JPH2	Unknown	p.Pro55Ala	unknown	Among other ventricular phenotypes, left ventricular diastolic dysfunction has been reported in association with two HCM-linked JPH2 variants (Gly55Ala and Glu85Lys)	Abnormal left ventricular function (HP:0005162)		c.163C>G	p.Pro55Ala	missense	none	unknown	35001666	Lehnart	2022	Physiol Rev	review					N		AC: In some contexts like this one - how did you choose to have this one represent the paper variant as opposed to the HGVS.c.? Here the table variant is referred to as P55A in the figure 16. Is that how you made this choice by chance?	pmid:35001666	The role of junctophilin proteins in cellular function.	True	CC BY	PMC8934682	https://pubmed.ncbi.nlm.nih.gov/35001666/	Moderate	train
JPH2	Unknown	Trp64Ter	unknown	HCM	Hypertrophic cardiomyopathy (HP:0001639)		c.191G>A	p.Trp64Ter	stop gained	none	unknown	35001666	Lehnart	2022	Physiol Rev	review					N			pmid:35001666	The role of junctophilin proteins in cellular function.	True	CC BY	PMC8934682	https://pubmed.ncbi.nlm.nih.gov/35001666/	Moderate	train
JPH2	Unknown	p.Glu85Lys	unknown	Among other ventricular phenotypes, left ventricular diastolic dysfunction has been reported in association with two HCM-linked JPH2 variants (Gly55Ala and Glu85Lys). Various degrees of atrioventricular block and more distal conduction system deficits have also been reported in patients. DCM phenotype with varying degrees of LV dilatation and systolic dysfunction (5/7), RV dilatation/dysfunction (5/7), diastolic dysfunction (3/7), severe mitral/tricuspid regurgitation (1/7), severe pulmonary hypertension (1/7), LVNC (2/7)	Abnormal left ventricular function (HP:0005162), Cardiac conduction abnormality (HP:0031546), Dilated cardiomyopathy (HP:0001644), Left ventricular diastolic dysfunction (HP:0025168), Tricuspid regurgitation (HP:0005180), Mitral regurgitation (HP:0001653), Abnormality of pulmonary circulation (HP:0030875), Left ventricular noncompaction (HP:0030682)		c.253G>A	p.Glu85Lys	missense	heterozygous	unknown	35001666	Lehnart	2022	Physiol Rev	review					N	There's a bug in the text of this paper where they also list the reference AA as Gly, which isn't correct		pmid:35001666	The role of junctophilin proteins in cellular function.	True	CC BY	PMC8934682	https://pubmed.ncbi.nlm.nih.gov/35001666/	Moderate	train
JPH2	Unknown	p.Ser101Arg	unknown	HCM phenotype	Hypertrophic cardiomyopathy (HP:0001639)		c.301A>C	p.Ser101Arg	missense	heterozygous	unknown	35001666	Lehnart	2022	Physiol Rev	review					N			pmid:35001666	The role of junctophilin proteins in cellular function.	True	CC BY	PMC8934682	https://pubmed.ncbi.nlm.nih.gov/35001666/	Moderate	train
JPH2	Unknown	p.Gly136Ser	unknown	HCM	Hypertrophic cardiomyopathy (HP:0001639)		c.406G>A	p.Gly136Ser	missense	none	unknown	35001666	Lehnart	2022	Physiol Rev	review					N			pmid:35001666	The role of junctophilin proteins in cellular function.	True	CC BY	PMC8934682	https://pubmed.ncbi.nlm.nih.gov/35001666/	Moderate	train
JPH2	Unknown	Tyr141His	unknown	HCM phenotype with LVOTO	Hypertrophic cardiomyopathy (HP:0001639),Left ventricular outflow tract obstruction (HP:0032092)		c.421T>C	p.Tyr141His	missense	heterozygous	unknown	35001666	Lehnart	2022	Physiol Rev	review		x			N			pmid:35001666	The role of junctophilin proteins in cellular function.	True	CC BY	PMC8934682	https://pubmed.ncbi.nlm.nih.gov/35001666/	Moderate	train
JPH2	Unknown	Gln142Ter	unknown	Variants in three consecutive residues (Tyr141, Gln142, and Val143) cause HCM or predicted LOF	Hypertrophic cardiomyopathy (HP:0001639)		c.424G>T	p.Gln142Ter	stop gained	none	unknown	35001666	Lehnart	2022	Physiol Rev	review					N			pmid:35001666	The role of junctophilin proteins in cellular function.	True	CC BY	PMC8934682	https://pubmed.ncbi.nlm.nih.gov/35001666/	Moderate	train
JPH2	Unknown	p.Val143AlafsTer160	unknown	Variants in three consecutive residues (Tyr141, Gln142, and Val143) cause HCM or predicted LOF	Hypertrophic cardiomyopathy (HP:0001639)			p.Val143AlafsTer160	frameshift	none	unknown	35001666	Lehnart	2022	Physiol Rev	review					N			pmid:35001666	The role of junctophilin proteins in cellular function.	True	CC BY	PMC8934682	https://pubmed.ncbi.nlm.nih.gov/35001666/	Moderate	train
JPH2	Unknown	T161K	unknown	HCM phenotype (20/26), systolic heart failure (3/26), LVOTO (2/26), AF was also documented in 9 of 26 HCM patients with the Thr161Lys variant	Hypertrophic cardiomyopathy (HP:0001639),Left ventricular outflow tract obstruction (HP:0032092), Left ventricular systolic dysfunction (HP:0025169), Atrial fibrillation (HP:0005110)		c.482C>A	p.Thr161Lys	missense	heterozygous	unknown	35001666	Lehnart	2022	Physiol Rev	review					N			pmid:35001666	The role of junctophilin proteins in cellular function.	True	CC BY	PMC8934682	https://pubmed.ncbi.nlm.nih.gov/35001666/	Moderate	train
JPH2	Unknown	p.Ser162ArgfsTer144	unknown					p.Ser162ArgfsTer144	frameshift	none	unknown	35001666	Lehnart	2022	Physiol Rev	review					N			pmid:35001666	The role of junctophilin proteins in cellular function.	True	CC BY	PMC8934682	https://pubmed.ncbi.nlm.nih.gov/35001666/	Moderate	train
JPH2	Unknown	p.Ser165Asn172delinsHis	unknown	HCM	Hypertrophic cardiomyopathy (HP:0001639)		c.493_514delinsC	p.Ser165Asn172delinsHis	indel	none	unknown	35001666	Lehnart	2022	Physiol Rev	review					N		Delins, variant type?	pmid:35001666	The role of junctophilin proteins in cellular function.	True	CC BY	PMC8934682	https://pubmed.ncbi.nlm.nih.gov/35001666/	Moderate	train
JPH2	Unknown	S165F	unknown	HCM phenotype LVOTO	Hypertrophic cardiomyopathy (HP:0001639),Left ventricular outflow tract obstruction (HP:0032092)		c.494C>T	p.S165F	missense	heterozygous	unknown	35001666	Lehnart	2022	Physiol Rev	review		x			N		AC: Is there a reason that both of these are single letter as opposed to keeping them 3 letter a.a. code?	pmid:35001666	The role of junctophilin proteins in cellular function.	True	CC BY	PMC8934682	https://pubmed.ncbi.nlm.nih.gov/35001666/	Moderate	train
JPH2	Unknown	E169K	unknown	HCM with LVOTO. Atrial fibrillation (AF) was reported in a small, multigenerational pedigree of patients with HCM carrying the Glu169Lys	Hypertrophic cardiomyopathy (HP:0001639),Left ventricular outflow tract obstruction (HP:0032092), Atrial fibrillation (HP:0005110)		c.505G>A	p.E169K	missense	none	unknown	35001666	Lehnart	2022	Physiol Rev	review		x		x	N			pmid:35001666	The role of junctophilin proteins in cellular function.	True	CC BY	PMC8934682	https://pubmed.ncbi.nlm.nih.gov/35001666/	Moderate	train
JPH2	Unknown	Ala181ProfsTer125	unknown	DCM	Dilated cardiomyopathy (HP:0001644)		c.541del	p.Ala181Pro-fs*125	frameshift deletion	none	unknown	35001666	Lehnart	2022	Physiol Rev	review					N			pmid:35001666	The role of junctophilin proteins in cellular function.	True	CC BY	PMC8934682	https://pubmed.ncbi.nlm.nih.gov/35001666/	Moderate	train
JPH2	Unknown	p.Ser182Ter	unknown					p.Ser182Ter	stop gained	none	unknown	35001666	Lehnart	2022	Physiol Rev	review					N			pmid:35001666	The role of junctophilin proteins in cellular function.	True	CC BY	PMC8934682	https://pubmed.ncbi.nlm.nih.gov/35001666/	Moderate	train
JPH2	Unknown	Ala189Thr	unknown	HCM phenotype with mild bilateral atrial dilatation (1 patient); DCM (1 patient), ARVC (1 patient), HCM (1 patient). Arrhythmia and SCD (1 patient)	Hypertrophic cardiomyopathy (HP:0001639), Abnormal cardiac atrium morphology (HP:0005120), Dilated cardiomyopathy (HP:0001644), Right ventricular cardiomyopathy (HP:0011663), Arrhythmia (HP:0011675), Sudden cardiac death (HP:0001645)		c.559G>A	p.Ala189Thr	missense	none	unknown	35001666	Lehnart	2022	Physiol Rev	review					N			pmid:35001666	The role of junctophilin proteins in cellular function.	True	CC BY	PMC8934682	https://pubmed.ncbi.nlm.nih.gov/35001666/	Moderate	train
JPH2	Unknown	p.Asn207Ser	unknown	HCM	Hypertrophic cardiomyopathy (HP:0001639)		c.620A>G	p.Asn207Ser	missense	none	unknown	35001666	Lehnart	2022	Physiol Rev	review					N			pmid:35001666	The role of junctophilin proteins in cellular function.	True	CC BY	PMC8934682	https://pubmed.ncbi.nlm.nih.gov/35001666/	Moderate	train
JPH2	Unknown	p.Lys229AlafsTer70	unknown					p.Lys229AlafsTer70	frameshift	none	unknown	35001666	Lehnart	2022	Physiol Rev	review					N			pmid:35001666	The role of junctophilin proteins in cellular function.	True	CC BY	PMC8934682	https://pubmed.ncbi.nlm.nih.gov/35001666/	Moderate	train
JPH2	Unknown	p.Arg231Gln	unknown	HCM	Hypertrophic cardiomyopathy (HP:0001639)		c.692G>A	p.Arg231Gln	missense	none	unknown	35001666	Lehnart	2022	Physiol Rev	review					N			pmid:35001666	The role of junctophilin proteins in cellular function.	True	CC BY	PMC8934682	https://pubmed.ncbi.nlm.nih.gov/35001666/	Moderate	train
JPH2	Unknown	p.Thr237Ala	unknown	DCM features with LV dilatation, slight LVNC, several MV regurgitations, reduced EF, died at 8 mo of age due to acute HF	Dilated cardiomyopathy (HP:0001644), Left ventricular noncompaction (HP:0030682), Mitral regurgitation (HP:0001653), Reduced left ventricular ejection fraction (HP:0012664)		c.709A>G	p.Thr237Ala	missense	compound heterozygous	unknown	35001666	Lehnart	2022	Physiol Rev	review					N			pmid:35001666	The role of junctophilin proteins in cellular function.	True	CC BY	PMC8934682	https://pubmed.ncbi.nlm.nih.gov/35001666/	Moderate	train
JPH2	Unknown	Ser241Arg	unknown	DCM (1 patient), HCM (1 patient). Paroxysmal familial ventricular fibrillation (1 patient)	Dilated cardiomyopathy (HP:0001644), Hypertrophic cardiomyopathy (HP:0001639), Ventricular fibrillation (HP:0001663)		c.723C>G	p.Ser241Arg	missense	none	unknown	35001666	Lehnart	2022	Physiol Rev	review					N			pmid:35001666	The role of junctophilin proteins in cellular function.	True	CC BY	PMC8934682	https://pubmed.ncbi.nlm.nih.gov/35001666/	Moderate	train
JPH2	Unknown	p.Glu271Ter	unknown					p.Glu271Ter	stop gained	none	unknown	35001666	Lehnart	2022	Physiol Rev	review					N			pmid:35001666	The role of junctophilin proteins in cellular function.	True	CC BY	PMC8934682	https://pubmed.ncbi.nlm.nih.gov/35001666/	Moderate	train
JPH2	Unknown	Glu338Gly	unknown	HCM, Sudden cardiac death	Hypertrophic cardiomyopathy (HP:0001639), Sudden cardiac death (HP:0001645)		c.1013A>G	p.Glu338Gly	missense	none	unknown	35001666	Lehnart	2022	Physiol Rev	review					N			pmid:35001666	The role of junctophilin proteins in cellular function.	True	CC BY	PMC8934682	https://pubmed.ncbi.nlm.nih.gov/35001666/	Moderate	train
JPH2	Unknown	p.Val345Leu	unknown	HCM, Drug-induced LQTS	Hypertrophic cardiomyopathy (HP:0001639), Prolonged QT interval (HP:0001657)		c.1033G>C	p.Val345Leu	missense	none	unknown	35001666	Lehnart	2022	Physiol Rev	review					N			pmid:35001666	The role of junctophilin proteins in cellular function.	True	CC BY	PMC8934682	https://pubmed.ncbi.nlm.nih.gov/35001666/	Moderate	train
JPH2	Unknown	p.Lys361Asn	unknown	HCM	Hypertrophic cardiomyopathy (HP:0001639)		c.1083G>A	p.Lys361Asn	missense	none	unknown	35001666	Lehnart	2022	Physiol Rev	review					N			pmid:35001666	The role of junctophilin proteins in cellular function.	True	CC BY	PMC8934682	https://pubmed.ncbi.nlm.nih.gov/35001666/	Moderate	train
JPH2	Unknown	Gln364Ter	unknown				c.1090C>T	p.Gln364Ter	stop gained	none	unknown	35001666	Lehnart	2022	Physiol Rev	review					N			pmid:35001666	The role of junctophilin proteins in cellular function.	True	CC BY	PMC8934682	https://pubmed.ncbi.nlm.nih.gov/35001666/	Moderate	train
JPH2	Unknown	p.Gln382Ter	unknown					p.Gln382Ter	stop gained	none	unknown	35001666	Lehnart	2022	Physiol Rev	review					N			pmid:35001666	The role of junctophilin proteins in cellular function.	True	CC BY	PMC8934682	https://pubmed.ncbi.nlm.nih.gov/35001666/	Moderate	train
JPH2	Unknown	Ala405Ser	unknown	HCM features with basal septal hypertrophy, LVOTO (1 patient); HCM (1 patient), unknown (1 patient). Left anterior fascicular block, ST-segment and T-wave abnormalities, prolonged QTc (1 patient)	Hypertrophic cardiomyopathy (HP:0001639), Left ventricular outflow tract obstruction (HP:0032092), Left anterior fascicular block (HP:0011711), Abnormal EKG (HP:0003115)		c.1213G>T	p.Ala405Ser	missense	heterozygous	de novo	35001666	Lehnart	2022	Physiol Rev	review				x	N			pmid:35001666	The role of junctophilin proteins in cellular function.	True	CC BY	PMC8934682	https://pubmed.ncbi.nlm.nih.gov/35001666/	Moderate	train
JPH2	Unknown	p.Ile414Leu	unknown	DCM features with LV dilatation, slight LVNC, several MV regurgitations, reduced EF, died at 8 mo of age due to acute HF	Dilated cardiomyopathy (HP:0001644), Left ventricular noncompaction (HP:0030682), Mitral regurgitation (HP:0001653), Reduced left ventricular ejection fraction (HP:0012664)		c.1240A>C	p.Ile414Leu	missense	compound heterozygous	unknown	35001666	Lehnart	2022	Physiol Rev	review					N			pmid:35001666	The role of junctophilin proteins in cellular function.	True	CC BY	PMC8934682	https://pubmed.ncbi.nlm.nih.gov/35001666/	Moderate	train
JPH2	Unknown	Gln428Ter	unknown	Severe DCM	Dilated cardiomyopathy (HP:0001644), Left ventricular noncompaction (HP:0030682), Mitral regurgitation (HP:0001653), Reduced left ventricular ejection fraction (HP:0012664)		c.1282C>T	p.Gln428Ter	stop gained	homozygous	unknown	35001666	Lehnart	2022	Physiol Rev	review					N			pmid:35001666	The role of junctophilin proteins in cellular function.	True	CC BY	PMC8934682	https://pubmed.ncbi.nlm.nih.gov/35001666/	Moderate	train
JPH2	Unknown	p.P453Ser	unknown	HCM (1 patient), CV phenotype (1 patient)	Hypertrophic cardiomyopathy (HP:0001639)		c.1357C>T	p.P453S	missense	none	unknown	35001666	Lehnart	2022	Physiol Rev	review					N			pmid:35001666	The role of junctophilin proteins in cellular function.	True	CC BY	PMC8934682	https://pubmed.ncbi.nlm.nih.gov/35001666/	Moderate	train
JPH2	Unknown	p.Pro466LeufsTer30	unknown					p.Pro466LeufsTer30	frameshift	none	unknown	35001666	Lehnart	2022	Physiol Rev	review					N			pmid:35001666	The role of junctophilin proteins in cellular function.	True	CC BY	PMC8934682	https://pubmed.ncbi.nlm.nih.gov/35001666/	Moderate	train
JPH2	Unknown	p.Arg467Gly	unknown	HCM	Hypertrophic cardiomyopathy (HP:0001639)		c.1399C>G	p.Arg467Gly	missense	none	unknown	35001666	Lehnart	2022	Physiol Rev	review					N			pmid:35001666	The role of junctophilin proteins in cellular function.	True	CC BY	PMC8934682	https://pubmed.ncbi.nlm.nih.gov/35001666/	Moderate	train
JPH2	Unknown	p.Glu476Ter	unknown					p.Glu476Ter	stop gained	none	unknown	35001666	Lehnart	2022	Physiol Rev	review					N			pmid:35001666	The role of junctophilin proteins in cellular function.	True	CC BY	PMC8934682	https://pubmed.ncbi.nlm.nih.gov/35001666/	Moderate	train
JPH2	Unknown	Gln493Ter	unknown	HCM	Hypertrophic cardiomyopathy (HP:0001639)		c.1477C>T	p.Gln493Ter	stop gained	none	unknown	35001666	Lehnart	2022	Physiol Rev	review					N			pmid:35001666	The role of junctophilin proteins in cellular function.	True	CC BY	PMC8934682	https://pubmed.ncbi.nlm.nih.gov/35001666/	Moderate	train
JPH2	Unknown	Gly505Ser	unknown	Reclassified as a common variant			c.1513G>A	p.Gly505Ser	missense	heterozygous	unknown	35001666	Lehnart	2022	Physiol Rev	review					N	There's a typo in table 2 referring to this variant. AC: yes nice catch!		pmid:35001666	The role of junctophilin proteins in cellular function.	True	CC BY	PMC8934682	https://pubmed.ncbi.nlm.nih.gov/35001666/	Moderate	train
JPH2	Unknown	Gln549Ter	unknown	HCM	Hypertrophic cardiomyopathy (HP:0001639)		c.1645C>T	p.Gln549Ter	stop gained	none	unknown	35001666	Lehnart	2022	Physiol Rev	review					N			pmid:35001666	The role of junctophilin proteins in cellular function.	True	CC BY	PMC8934682	https://pubmed.ncbi.nlm.nih.gov/35001666/	Moderate	train
JPH2	Unknown	p.Tyr563Ter	unknown					p.Tyr563Ter	stop gained	none	unknown	35001666	Lehnart	2022	Physiol Rev	review					N			pmid:35001666	The role of junctophilin proteins in cellular function.	True	CC BY	PMC8934682	https://pubmed.ncbi.nlm.nih.gov/35001666/	Moderate	train
JPH2	Unknown	Gln564Ter	unknown	HCM	Hypertrophic cardiomyopathy (HP:0001639)		c.1690C>T	p.Gln564Ter	stop gained	none	unknown	35001666	Lehnart	2022	Physiol Rev	review					N			pmid:35001666	The role of junctophilin proteins in cellular function.	True	CC BY	PMC8934682	https://pubmed.ncbi.nlm.nih.gov/35001666/	Moderate	train
JPH2	Unknown	p.Glu593Gly	unknown	HCM	Hypertrophic cardiomyopathy (HP:0001639)		c.1778A>G	p.Glu593Gly	missense	none	unknown	35001666	Lehnart	2022	Physiol Rev	review					N			pmid:35001666	The role of junctophilin proteins in cellular function.	True	CC BY	PMC8934682	https://pubmed.ncbi.nlm.nih.gov/35001666/	Moderate	train
JPH2	Unknown	p.Ser597Trp	unknown	HCM	Hypertrophic cardiomyopathy (HP:0001639)		c.1790C>G	p.Ser597Trp	missense	none	unknown	35001666	Lehnart	2022	Physiol Rev	review					N			pmid:35001666	The role of junctophilin proteins in cellular function.	True	CC BY	PMC8934682	https://pubmed.ncbi.nlm.nih.gov/35001666/	Moderate	train
JPH2	Unknown	Glu641Ter	One proband	diagnosed at 20 mo of age with DCM. By the age of 4.5 yr, the patient suffered from severe systolic heart failure and cardiac conduction disease.	Dilated cardiomyopathy (HP:0001644), Abnormal left ventricular function (HP:0005162), Cardiac conduction disease with or without dilated cardiomyopathy (OMIM:616117)		c.1920dupT	p.Glu641Ter	stop gained	homozygous	unknown	35001666	Lehnart	2022	Physiol Rev	review					N			pmid:35001666	The role of junctophilin proteins in cellular function.	True	CC BY	PMC8934682	https://pubmed.ncbi.nlm.nih.gov/35001666/	Moderate	train
JPH2	Unknown	p.Arg643Ter	unknown					p.Arg643Ter	stop gained	none	unknown	35001666	Lehnart	2022	Physiol Rev	review					N			pmid:35001666	The role of junctophilin proteins in cellular function.	True	CC BY	PMC8934682	https://pubmed.ncbi.nlm.nih.gov/35001666/	Moderate	train
JPH2	Unknown	Lys651RfsTer30	unknown				c.1952del	p.Lys651Arg-fs*30	frameshift deletion	none	unknown	35001666	Lehnart	2022	Physiol Rev	review					N			pmid:35001666	The role of junctophilin proteins in cellular function.	True	CC BY	PMC8934682	https://pubmed.ncbi.nlm.nih.gov/35001666/	Moderate	train
JPH2	Unknown	Arg655Alafs57	unknown	HCM	Hypertrophic cardiomyopathy (HP:0001639)		c.1962dup	p.Arg655Ala-fs*57	frameshift insertion	none	unknown	35001666	Lehnart	2022	Physiol Rev	review					N			pmid:35001666	The role of junctophilin proteins in cellular function.	True	CC BY	PMC8934682	https://pubmed.ncbi.nlm.nih.gov/35001666/	Moderate	train
JPH2	Unknown	c2006_2010 + 1dup	unknown				c.2006_2010 + 1dup		splice donor	none	unknown	35001666	Lehnart	2022	Physiol Rev	review					N			pmid:35001666	The role of junctophilin proteins in cellular function.	True	CC BY	PMC8934682	https://pubmed.ncbi.nlm.nih.gov/35001666/	Moderate	train
JPH2	Unknown	c.2011-1G>T	unknown	HCM	Hypertrophic cardiomyopathy (HP:0001639)		c.2011-1G>T		splice region	none	unknown	35001666	Lehnart	2022	Physiol Rev	review					N			pmid:35001666	The role of junctophilin proteins in cellular function.	True	CC BY	PMC8934682	https://pubmed.ncbi.nlm.nih.gov/35001666/	Moderate	train
JPH2	Unknown	p.(Thr161Lys)	patient	diagnosed with HCM at the age of fourteen with thickening of the septum. increased LVOT gradient. frequent non-sustained ventricular tachycardia (NSVT) episodes. dyspnea.	Abnormal cardiac septum morphology (HP:0001671), Abnormal left ventricular function (HP:0005162), Ventricular tachycardia (HP:0004756), Dyspnea (HP:0002094)		c.482C>A	p.Thr161Lys	missense	heterozygous	unknown	37371654	Valtonen	2023	Biomedicines	case report		x			N			pmid:37371654	The Junctophilin-2 Mutation p.(Thr161Lys) Is Associated with Hypertrophic Cardiomyopathy Using Patient-Specific iPS Cardiomyocytes and Demonstrates Prolonged Action Potential and Increased Arrhythmogenicity.	True	CC BY	PMC10295168	https://pubmed.ncbi.nlm.nih.gov/37371654/	Moderate	train
GRXCR2	hg19	p.Ser52Asn	unknown	probands diagnosed with congenital, severe-to-profound, presumably nonsyndromic deafness	Hearing loss (HP:0000365)	NM_001080516.1		p.Ser52Asn	missense	none	unknown	30157177	Avenarius	2018	PLoS One	cohort analysis	x				N	HGVS.P is noted in main text, but additional variant info is in supplement	"AC: I changed ""in_supplement"" to read N for this paper because you get the HGVS.C. in the main text. We are looking for whichever first instance of the variant appears in the main text. AC: We might also need to update the individual ID to just be blank unless we want to ensure something is there. For other columns we have been keeping them blank if the info doesnt exist in the text."	pmid:30157177	Grxcr2 is required for stereocilia morphogenesis in the cochlea.	True	CC0	PMC6114524	https://pubmed.ncbi.nlm.nih.gov/30157177/	Moderate	train
GRXCR2	hg19	p.Glu69Lys	unknown	probands diagnosed with congenital, severe-to-profound, presumably nonsyndromic deafness	Hearing loss (HP:0000365)	NM_001080516.1		p.Glu69Lys	missense	none	unknown	30157177	Avenarius	2018	PLoS One	cohort analysis	x				N	HGVS.P is noted in main text, but additional variant info is in supplement		pmid:30157177	Grxcr2 is required for stereocilia morphogenesis in the cochlea.	True	CC0	PMC6114524	https://pubmed.ncbi.nlm.nih.gov/30157177/	Moderate	train
GRXCR2	hg19	p.Gly98Asp	unknown	probands diagnosed with congenital, severe-to-profound, presumably nonsyndromic deafness	Hearing loss (HP:0000365)	NM_001080516.1		p.Gly98Asp	missense	none	unknown	30157177	Avenarius	2018	PLoS One	cohort analysis	x				N	HGVS.P is noted in main text, but additional variant info is in supplement		pmid:30157177	Grxcr2 is required for stereocilia morphogenesis in the cochlea.	True	CC0	PMC6114524	https://pubmed.ncbi.nlm.nih.gov/30157177/	Moderate	train
GRXCR2	hg19	p.Leu181Phe	unknown	probands diagnosed with congenital, severe-to-profound, presumably nonsyndromic deafness	Hearing loss (HP:0000365)	NM_001080516.1		p.Leu181Phe	missense	none	unknown	30157177	Avenarius	2018	PLoS One	cohort analysis	x				N	HGVS.P is noted in main text, but additional variant info is in supplement		pmid:30157177	Grxcr2 is required for stereocilia morphogenesis in the cochlea.	True	CC0	PMC6114524	https://pubmed.ncbi.nlm.nih.gov/30157177/	Moderate	train
GRXCR2	hg19	c.251delC p.(Ile85SerfsTer33)	one multiplex family	two affected siblings with non‐syndromic hearing impairment (NSHI)	Sensorineural hearing impairment (HP:0000407)	NM_001080516.1	c.251delC	p.Ile85SerfsTer33	frameshift	homozygous	maternally and paternally inherited homozygous	33528103	Wonkam	2021	Molecular Genetics & Genomic Medicine	cohort analysis		x			N		"AC: Are these new columns? Can we just keep ""maternally and paternally inherited""? AC: is there a reason to have ""(Figure1A)"" in the individual ID col?"	pmid:33528103	Whole exome sequencing reveals a biallelic frameshift mutation in GRXCR2 in hearing impairment in Cameroon.	True	CC BY	PMC8104159	https://pubmed.ncbi.nlm.nih.gov/33528103/	Moderate	train
GRXCR2	hg19	c.251delC p.(Ile85SerfsTer33)	one other unrelated sporadic Cameroonian proband	sporadic Cameroonian proband with non‐symmetrical NSHI (profound in the left ear and severe in the right ear).	Sensorineural hearing impairment (HP:0000407)	NM_001080516.1	c.251delC	p.Ile85SerfsTer33	frameshift	homozygous	maternally and paternally inherited homozygous	33528103	Wonkam	2021	Molecular Genetics & Genomic Medicine	cohort analysis		x			N		"AC: is there a reason to have ""​(Figure1b)"" in the individual ID col?"	pmid:33528103	Whole exome sequencing reveals a biallelic frameshift mutation in GRXCR2 in hearing impairment in Cameroon.	True	CC BY	PMC8104159	https://pubmed.ncbi.nlm.nih.gov/33528103/	Moderate	train
EMC1	hg19	c.679‐1G>A	IV-1	Global developmental delay, speech delay, mild intellectual disability, IQ score 69, anxiety, poor sleep, repetitive tics, major deficiency in memory and mathematical abilities, dysmorphic features (Table 1)	Global developmental delay (HP:0001263), Delayed speech and language development (HP:0000750), Intellectual disability mild (HP:0001256), Anxiety (HP:0000739), Sleep abnormality (HP:0002360), Abnormal repetitive mannerisms (HP:0000733), Memory impairment (HP:0002354), Dysmorphic facies (HP:0001999)	NM_206538.4	c.679‐1G>A		splice acceptor	homozygous	maternally and paternally inherited homozygous	32869858	Umair	2020	Clinical Genetics	case report			x		N			pmid:32869858	EMC10 homozygous variant identified in a family with global developmental delay, mild intellectual disability, and speech delay.	True	CC BY	PMC7756316	https://pubmed.ncbi.nlm.nih.gov/32869858/	Moderate	train
EMC1	hg19	c.679‐1G>A	IV-2	Global developmental delay, speech delay, mild intellectual disability, IQ score 76, anxiety, poor sleep, repetitive tics, major deficiency in memory and mathematical abilities, dysmorphic features (Table 1)	Global developmental delay (HP:0001263), Delayed speech and language development (HP:0000750), Intellectual disability mild (HP:0001256), Anxiety (HP:0000739), Sleep abnormality (HP:0002360), Abnormal repetitive mannerisms (HP:0000733), Memory impairment (HP:0002354), Dysmorphic facies (HP:0001999)	NM_206538.4	c.679‐1G>A		splice acceptor	homozygous	maternally and paternally inherited homozygous	32869858	Umair	2020	Clinical Genetics	case report			x		N			pmid:32869858	EMC10 homozygous variant identified in a family with global developmental delay, mild intellectual disability, and speech delay.	True	CC BY	PMC7756316	https://pubmed.ncbi.nlm.nih.gov/32869858/	Moderate	train
EMC1	hg19	c.1212+1G>A	Proband (IV-1)	presented with early infantile onset epilepsy, scaphocephaly, developmental delay, central hypotonia, muscle wasting, and severe cerebellar and brainstem atrophy	Epilepsy (HP:0001250), Scaphocephaly (HP:0030799), Global developmental delay (HP:0001263), Central hypotonia (HP:0001252), Muscle wasting (HP:0003202), Cerebellar atrophy (HP:0001272), Atrophy/Degeneration affecting the brainstem (HP:0007366)	NM_015047.2	c.1212+1G>A		splice donor	homozygous	maternally and paternally inherited homozygous	29271071	Geetha	2018	Molecular Genetics & Genomic Medicine	case report			x		N			pmid:29271071	A novel splice variant in EMC1 is associated with cerebellar atrophy, visual impairment, psychomotor retardation with epilepsy.	True	CC BY	PMC5902391	https://pubmed.ncbi.nlm.nih.gov/29271071/	Moderate	train
LRRC10	Unknown	p.L41V	NA	patients with idiopathic DCM	Dilated cardiomyopathy (HP:0001644)			p.L41V	missense	heterozygous	unknown	27536250	Brody	2016	Frontiers in Physiology	review					N	This paper briefly mentions a variant/family that was previously reported in a different paper - not much info is included here other than the HGVS.P and high level phenotype		pmid:27536250	The Role of Leucine-Rich Repeat Containing Protein 10 (LRRC10) in Dilated Cardiomyopathy.	True	CC BY	PMC4971440	https://pubmed.ncbi.nlm.nih.gov/27536250/	No Known Disease Relationship	train
LRRC10	Unknown	p.L163I	NA	patients with idiopathic DCM	Dilated cardiomyopathy (HP:0001644)			p.L163I	missense	heterozygous	unknown	27536250	Brody	2016	Frontiers in Physiology	review					N	This paper briefly mentions a variant/family that was previously reported in a different paper - not much info is included here other than the HGVS.P and high level phenotype		pmid:27536250	The Role of Leucine-Rich Repeat Containing Protein 10 (LRRC10) in Dilated Cardiomyopathy.	True	CC BY	PMC4971440	https://pubmed.ncbi.nlm.nih.gov/27536250/	No Known Disease Relationship	train
TOPBP1	hg19	c.951T>G (p.Ile317Met)	9	Connective Tissue Disease (CTD). Pulmonary Arterial Hypertension (PAH). CTD-PAH	Pulmonary arterial hypertension (HP:0002092), Abnormality of connective tissue (HP:0003549)	NM_007027.3	c.951T>G	p.Ile317Met	missense	heterozygous	unknown	34199176	Hernandez-Gonzalez	2021	Cells	cohort analysis					N	"AC: They just refer to the patient as ""9"" so I updated that"	AC: They do not have the text description that you shared but they do have connective tissue disease. Would we be able to change the description to match? Or is there an important reason to keep this? I see indeed that they do not explicitly define CTD-PAH so I understand your reasoning for doing this. 	pmid:34199176	Novel Genetic and Molecular Pathways in Pulmonary Arterial Hypertension Associated with Connective Tissue Disease.	True	CC BY	PMC8231632	https://pubmed.ncbi.nlm.nih.gov/34199176/	No Known Disease Relationship	train
