Q###	Gene	Paper	Link	Questions_1	Task	Response_1	Phenotype_1	Note_1	Response_2	Phenotype_2	Note_2
Q106	FOXE3	"PMID: 32976546 - Pathogenic variants of AIPL1, MERTK, GUCY2D, and FOXE3 in Pakistani families with clinically heterogeneous eye diseases."	https://www.ncbi.nlm.nih.gov/pmc/articles/PMC7518604/	The paper 32976546 discusses the inheritance pattern for the variant 'c	variant_inheritance	Unknown		Homozygous. Described in the pedigree image.	Unknown		
Q110	JPH2	PMID: 35001666 - The role of junctophilin proteins in cellular function.	https://www.ncbi.nlm.nih.gov/pmc/articles/PMC8934682/	The paper 35001666 discusses the variant type for c	variant_type	Missense		Typo in table! p.Gly505STer in table but p.Gly505Ser in text.	Missense		
Q111	JPH2	PMID: 35001666 - The role of junctophilin proteins in cellular function.	https://www.ncbi.nlm.nih.gov/pmc/articles/PMC8934682/	The paper 35001666 discusses the variant type for c	variant_type	Splice region		This is a bit ambigous and might also be consdiered a frameshift or even intronic variant. I would need to assess the genomic context properly to answer this question accurately.	Splice region		Splice donor
Q121	COG4	PMID: 33688625 - Saul-Wilson Syndrome Missense Allele Does Not Show Obvious Golgi Defects in a C. elegans Model.	https://www.ncbi.nlm.nih.gov/pmc/articles/PMC7933980/	The paper 33688625 discusses the zygosity for the variant 'p	zygosity	Unknown		The specific individual's zygosity has not been discussed here.	Unknown		
Q122	COG4	PMID: 33688625 - Saul-Wilson Syndrome Missense Allele Does Not Show Obvious Golgi Defects in a C. elegans Model.	https://www.ncbi.nlm.nih.gov/pmc/articles/PMC7933980/	The paper 33688625 discusses the zygosity for the variant 'p	zygosity	Unknown		The specific individual's zygosity has not been discussed here.	Unknown		
Q123	COG4	PMID: 33688625 - Saul-Wilson Syndrome Missense Allele Does Not Show Obvious Golgi Defects in a C. elegans Model.	https://www.ncbi.nlm.nih.gov/pmc/articles/PMC7933980/	The paper 33688625 discusses the zygosity for the variant 'p	zygosity	Unknown		The specific individual's zygosity has not been discussed here.	Unknown		
Q124	COG4	PMID: 33688625 - Saul-Wilson Syndrome Missense Allele Does Not Show Obvious Golgi Defects in a C. elegans Model.	https://www.ncbi.nlm.nih.gov/pmc/articles/PMC7933980/	The paper 33688625 discusses the zygosity for the variant 'p	zygosity	Unknown		The specific individual's zygosity has not been discussed here.	Unknown		
Q125	DNAJC7	PMID: 35456894 - DnaJC7 in Amyotrophic Lateral Sclerosis.	https://www.ncbi.nlm.nih.gov/pmc/articles/PMC9025444/	The paper 35456894 discusses the zygosity for the variant 'c	zygosity	Unknown			Unknown		Zygosity is not explicitly reported in paper.
Q126	DNAJC7	PMID: 35456894 - DnaJC7 in Amyotrophic Lateral Sclerosis.	https://www.ncbi.nlm.nih.gov/pmc/articles/PMC9025444/	The paper 35456894 discusses the zygosity for the variant 'c	zygosity	Unknown			Unknown		Zygosity is not explicitly reported in paper.
Q13	FBN2	PMID: 32184806 - A Novel Splicing Mutation in the FBN2 Gene in a Family With Congenital Contractural Arachnodactyly.	https://www.ncbi.nlm.nih.gov/pmc/articles/PMC7058790/	The paper 32184806 discusses the phenotype for the individual 'iii-6' with variant 'c	phenotype	TRUE	Slender long bone (HP:0003100)		TRUE	Slender long bone (HP:0003100)	
Q131	JPH2	PMID: 35001666 - The role of junctophilin proteins in cellular function.	https://www.ncbi.nlm.nih.gov/pmc/articles/PMC8934682/	The paper 35001666 discusses the zygosity for the variant 'c	zygosity	Homozygous		looks like it mentions multiple families with this variant in the same row in this table? Alledegly a mix of inheritance. My goodness this table is awful.	Homozygous		Inheritance mode is listed as 'AD' and 'AR' in paper (referring to different families with same variant)
Q138	MLH3	PMID: 33117677 - Clinical Characterization of Mismatch Repair Gene-Deficient Metastatic Castration-Resistant Prostate Cancer.	https://www.ncbi.nlm.nih.gov/pmc/articles/PMC7576180/	The paper 33117677 discusses the zygosity for the variant 'p	zygosity	Unknown		assumed heterozygous from context	Unknown		
Q14	FBN2	PMID: 33638605 - Mutation analysis and prenatal diagnosis of a family with congenital contractural arachnodactyly.	https://www.ncbi.nlm.nih.gov/pmc/articles/PMC8123754/	The paper 33638605 discusses the phenotype for the individual 'iii1' with variant 'c	phenotype	FALSE	Abnormal upper limb bone morphology (HP:0040070)		FALSE	Abnormal upper limb bone morphology (HP:0040070)	
Q141	TOP2B	PMID: 36450898 - Disease-associated H58Y mutation affects the nuclear dynamics of human DNA topoisomerase IIÎ².	https://www.ncbi.nlm.nih.gov/pmc/articles/PMC9712534/	The paper 36450898 discusses the zygosity for the variant 'p	zygosity	Unknown			Unknown		inferred
Q142	TOP2B	PMID: 36450898 - Disease-associated H58Y mutation affects the nuclear dynamics of human DNA topoisomerase IIÎ².	https://www.ncbi.nlm.nih.gov/pmc/articles/PMC9712534/	The paper 36450898 discusses the zygosity for the variant 'p	zygosity	Unknown			Unknown		not a patient variant that I can tell
Q143	TOP2B	PMID: 36450898 - Disease-associated H58Y mutation affects the nuclear dynamics of human DNA topoisomerase IIÎ².	https://www.ncbi.nlm.nih.gov/pmc/articles/PMC9712534/	The paper 36450898 discusses the zygosity for the variant 'p	zygosity	Unknown			Unknown		inferred
Q144	TOP2B	PMID: 36450898 - Disease-associated H58Y mutation affects the nuclear dynamics of human DNA topoisomerase IIÎ².	https://www.ncbi.nlm.nih.gov/pmc/articles/PMC9712534/	The paper 36450898 discusses the zygosity for the variant 'p	zygosity	Unknown			Unknown		not a patient variant that I can tell
Q145	TOP2B	PMID: 36450898 - Disease-associated H58Y mutation affects the nuclear dynamics of human DNA topoisomerase IIÎ².	https://www.ncbi.nlm.nih.gov/pmc/articles/PMC9712534/	The paper 36450898 discusses the zygosity for the variant 'p	zygosity	Unknown			Unknown		inferred
Q146	TOP2B	PMID: 36450898 - Disease-associated H58Y mutation affects the nuclear dynamics of human DNA topoisomerase IIÎ².	https://www.ncbi.nlm.nih.gov/pmc/articles/PMC9712534/	The paper 36450898 discusses the zygosity for the variant 'p	zygosity	Unknown			Unknown		not a patient variant that I can tell
Q149	NLGN3	PMID: 34262438 - An Autism-Associated Neuroligin-3 Mutation Affects Developmental Synapse Elimination in the Cerebellum.	https://www.ncbi.nlm.nih.gov/pmc/articles/PMC8273702/	The paper 34262438 discusses the zygosity for the variant 'p	zygosity	Heterozygous		Not specifically mentioned but assumed to be heterozygous	Heterozygous		"""Single gene mutation in the arginine to cysteine substitution at the 451st amino acid (R451C) of NLGN3 has been identified in several ASD patients."" - implies heterozygous. It does refer to homozygous mice in this paper too."
Q15	FBN2	PMID: 33638605 - Mutation analysis and prenatal diagnosis of a family with congenital contractural arachnodactyly.	https://www.ncbi.nlm.nih.gov/pmc/articles/PMC8123754/	The paper 33638605 discusses the phenotype for the individual 'iii3' with variant 'c	phenotype	FALSE	Abnormal upper limb bone morphology (HP:0040070)		FALSE	Abnormal upper limb bone morphology (HP:0040070)	
Q15	FBN2	PMID: 33638605 - Mutation analysis and prenatal diagnosis of a family with congenital contractural arachnodactyly.	https://www.ncbi.nlm.nih.gov/pmc/articles/PMC8123754/	The paper 33638605 discusses the phenotype for the individual 'iii3' with variant 'c	phenotype	TRUE	Slender build (HP:0001533)		TRUE	Slender build (HP:0001533)	
Q150	KIF1B	PMID: 33362715 - Genetic and Clinical Profiles of Pheochromocytoma and Paraganglioma: A Single Center Study.	https://www.ncbi.nlm.nih.gov/pmc/articles/PMC7761866/	The paper 33362715 discusses the zygosity for the variant 'c	zygosity	Unknown		assumed heterozygous from context	Unknown		
Q152	ADCY1	PMID: 33585230 - Whole-Exome Sequencing Reveals New Potential Mutations Genes for Primary Mucosa-Associated Lymphoid Tissue Lymphoma Arising From the Kidney.	https://www.ncbi.nlm.nih.gov/pmc/articles/PMC7873889/	The paper 33585230 discusses one or more human genetic variants in the gene ADCY1	papers	TRUE			TRUE		
Q153	B4GAT1	PMID: 25279699 - The glucuronyltransferase B4GAT1 is required for initiation of LARGE-mediated ?�??-dystroglycan functional glycosylation.	https://www.ncbi.nlm.nih.gov/pmc/articles/PMC4227050/	The paper 25279699 discusses one or more human genetic variants in the gene B4GAT1	papers	FALSE			FALSE		
Q154	B4GAT1	PMID: 34602496 - A 20-year Clinical and Genetic Neuromuscular Cohort Analysis in Lebanon: An International Effort.	https://www.ncbi.nlm.nih.gov/pmc/articles/PMC8842757/	The paper 34602496 discusses one or more human genetic variants in the gene B4GAT1	papers	FALSE			FALSE		
Q159	DNAJC7	PMID: 36993367 - DnaJC7 specifically regulates tau seeding.	https://www.ncbi.nlm.nih.gov/pmc/articles/PMC10055123/	The paper 36993367 discusses one or more human genetic variants in the gene DNAJC7	papers	FALSE			FALSE		
Q16	JPH2	PMID: 35001666 - The role of junctophilin proteins in cellular function.	https://www.ncbi.nlm.nih.gov/pmc/articles/PMC8934682/	The paper 35001666 discusses the phenotype for the primary proband or an unknown/unnamed individual with variant 'c	phenotype	FALSE	Deep S wave in lead V5 (HP:0032197)	"""Deep Q wave"" is written in the table, I don't think this is the same as ""Deep S wave in lead V5"" but I'm no heart doctor and I honestly have no idea. "	FALSE	Deep S wave in lead V5 (HP:0032197)	
Q166	FBN2	PMID: 32771030 - Meta-analysis of genome-wide association study identifies FBN2 as a novel locus associated with systemic lupus erythematosus in Thai population.	https://www.ncbi.nlm.nih.gov/pmc/articles/PMC7414652/	The paper 32771030 discusses one or more human genetic variants in the gene FBN2	papers	FALSE		This is not a monogenic disease paper.	FALSE		GWAS susceptibility loci - don't think this fits within our rubric
Q167	FBN2	PMID: 34356068 - A Genomic Approach to Delineating the Occurrence of Scoliosis in Arthrogryposis Multiplex Congenita.	https://www.ncbi.nlm.nih.gov/pmc/articles/PMC8305424/	The paper 34356068 discusses one or more human genetic variants in the gene FBN2	papers	FALSE			FALSE		Multi-gene deletions excluded from our rubric
Q168	FBN2	PMID: 36800380 - Whole-genome sequencing analysis in families with recurrent pregnancy loss: A pilot study.	https://www.ncbi.nlm.nih.gov/pmc/articles/PMC9937472/	The paper 36800380 discusses one or more human genetic variants in the gene FBN2	papers	TRUE			TRUE		"The authors do note that a ""de novo in-frame deletion involving FBN2"" was identified in their study, but they do not provide further information on the variant (including HGVS c. or p.) in text (although it is in the supplement). "
Q174	GRXCR2	PMID: 28383030 - Genetic Predisposition to Sporadic Congenital Hearing Loss in a Pediatric Population.	https://www.ncbi.nlm.nih.gov/pmc/articles/PMC5382691/	The paper 28383030 discusses one or more human genetic variants in the gene GRXCR2	papers	FALSE		Variant details are in supplementary table S6 only because it is a VUS (I think). Individual phenoytpes are mentioned in the main text.	FALSE		Variant details are  in supplement only
Q179	JPH2	"PMID: 35800456 - Variants in PRKCE and KLC1, Potential Regulators of Type I Psoriasis."	https://www.ncbi.nlm.nih.gov/pmc/articles/PMC9255717/	The paper 35800456 discusses one or more human genetic variants in the gene JPH2	papers	TRUE			TRUE		A variant is reported but was found through GWAS performed to identify susceptibility loci for psoriasis (complex disease) - don't think this fits within our rubric.
Q182	MLH3	PMID: 24639688 - Analysis of MLH3 C2531T polymorphism in Iranian women with unexplained infertility.	https://www.ncbi.nlm.nih.gov/pmc/articles/PMC3941381/	The paper 24639688 discusses one or more human genetic variants in the gene MLH3	papers	TRUE			TRUE		"Although there is a MLH3 human genetic variants reported in this paper, it does not seem to meet the criteria defined in our rubric/is not mongenic. This a case-control study/common SNP association analysis that reports a single nucleotide polmorphisms that may contribute to infertility risk."
Q185	MLH3	"PMID: 31607598 - A genetic association study of glutamine-encoding DNA sequence structures, somatic CAG expansion, and DNA repair gene variants, with Huntington disease clinical outcomes."	https://www.ncbi.nlm.nih.gov/pmc/articles/PMC6838430/	The paper 31607598 discusses one or more human genetic variants in the gene MLH3	papers	TRUE		"Only uses the rs175080 SNP identifier. Also a bit of weird one, talks about this SNP as a modfier of huntingtons disease."	TRUE		A variant in MLH3 is reported but is a genetic modifier identified through GWAS - don't think this fits within our rubric/would not be considered monogenic
Q187	MLH3	"PMID: 34408140 - Human MLH1/3 variants causing aneuploidy, pregnancy loss, and premature reproductive aging."	https://www.ncbi.nlm.nih.gov/pmc/articles/PMC8373927/	The paper 34408140 discusses one or more human genetic variants in the gene MLH3	papers	TRUE		Mouse model paper of Human variants. No specific phenoytpe mentioned	TRUE		
Q201	COG4	PMID: 25359423 - Identified single-nucleotide polymorphisms and haplotypes at 16q22.1 increase diabetic nephropathy risk in Han Chinese population.	https://www.ncbi.nlm.nih.gov/pmc/articles/PMC4222374/	The paper 25359423 discusses one or more human genetic variants in the gene COG4	papers	FALSE		Not a monogenic disease paper	FALSE		"Although there are COG4 genetic variants reported in this paper, they do not seem to meet the criteria defined in our rubric. This a case-control study/SNP association analysis that reports a few single nucleotide polmorphisms that may contribute to susceptibility of diabetic nephropathy."
Q204	NPPA	PMID: 32555714 - The genetic risk for hypertension is lower among the Hungarian Roma population compared to the general population.	https://www.ncbi.nlm.nih.gov/pmc/articles/PMC7299387/	The paper 32555714 discusses one or more human genetic variants in the gene NPPA	papers	FALSE		"discusses a SNP not a variant. @Ashley: would be good to discuss if we are including SNPs? SNPs are common in the general population, they could be risk facotrs."	FALSE		Not sure if we are starting to stray away from the 'reasonably monogenetic' disease criteria here.
Q205	AHCY	PMID: 27848944 - Clinical exome sequencing: results from 2819 samples reflecting 1000 families.	https://www.ncbi.nlm.nih.gov/pmc/articles/PMC5255946/	The paper 27848944 discusses one or more human genetic variants in the gene AHCY	papers	FALSE			FALSE		
Q209	FOXE3	PMID: 30479708 - Association of FOXE3-p.Ala170Ala and PITX3-p.Ile95Ile Polymorphisms with Congenital Cataract and Microphthalmia.	https://www.ncbi.nlm.nih.gov/pmc/articles/PMC6210873/	The paper 30479708 discusses one or more human genetic variants in the gene FOXE3	papers	TRUE		"Our rubric states variants which are typiclally rare (<2% AF), however this paper refers to polymorphisms seen frequently in the general population."	TRUE		
Q212	FOXE3	PMID: 36359912 - Generation of Lens Progenitor Cells and Lentoid Bodies from Pluripotent Stem Cells: Novel Tools for Human Lens Development and Ocular Disease Etiology.	https://www.ncbi.nlm.nih.gov/pmc/articles/PMC9658148/	The paper 36359912 discusses one or more human genetic variants in the gene FOXE3	papers	TRUE		"Technically true, but shouldn?��t be returned in the evagg table. Variants are mentioned in table 4 as examples of variants to model using organoids. They didn't actually model these variants and there is no patient data."	TRUE		
Q213	KIF1B	PMID: 24904291 - Deregulated expression of cytoskeleton related genes in the spinal cord and sciatic nerve of presymptomatic SOD1(G93A) Amyotrophic Lateral Sclerosis mouse model.	https://www.ncbi.nlm.nih.gov/pmc/articles/PMC4033281/	The paper 24904291 discusses one or more human genetic variants in the gene KIF1B	papers	FALSE		"I'm not 100% sure of the link between this mouse model and human disease, but I think it's modelling a human missense variant? I feel like I'd need to read some of these references to be sure.  ""it is known that transgene mice expressing human mutant copper/zinc superoxide dismutase 1 (SOD1 G93A) develop clinical and pathological features similar to those seen in human ALS"""	FALSE		
Q215	KIF1B	PMID: 29203804 - KIF1B?�?? increases ROS to mediate apoptosis and reinforces its protein expression through O 2- in a positive feedback mechanism in neuroblastoma.	https://www.ncbi.nlm.nih.gov/pmc/articles/PMC5715000/	The paper 29203804 discusses one or more human genetic variants in the gene KIF1B	papers	FALSE		"Ambiguous. They refer to 3 KIF1B variants but they don't really mention anything about the human context of these variants, could be somatic or germline. Can't even see a reference for them!"	FALSE		
Q216	KIF1B	PMID: 29504908 - Exome analysis of carotid body tumor.	https://www.ncbi.nlm.nih.gov/pmc/articles/PMC5836820/	The paper 29504908 discusses one or more human genetic variants in the gene KIF1B	papers	FALSE		"Ambigious. They describe two variants in KIF1B but I don't mention if they are germline or not. They did mention there were no KIF1B variants in the cancer cells themselves but I'm not sure if that means the mentioned variants are germline - ""No mutations in the KIF1B gene have been detected in PGLs. In this work, we identified two KIF1B mutations NM_015074: c.4717C?��>?��T, p.(Pro1573Ser) (chr1:10,431,229) and NM_015074: c.1579G?��>?��C, p.(Gly527Arg) (chr1:10,355,764)."""	FALSE		
Q217	KIF1B	PMID: 30073017 - Host and Viral Genetic Variation in HBV-Related Hepatocellular Carcinoma.	https://www.ncbi.nlm.nih.gov/pmc/articles/PMC6060371/	The paper 30073017 discusses one or more human genetic variants in the gene KIF1B	papers	TRUE		Mentions the SNP rs17401966 from GWAS	TRUE		Reports a common polymorphism in KIF1B identifed through GWAS - not sure if this fits within our rubric
Q219	KIF1B	PMID: 37529773 - Germline genetic variants in pheochromocytoma/paraganglioma: single-center experience.	https://www.ncbi.nlm.nih.gov/pmc/articles/PMC10388674/	The paper 37529773 discusses one or more human genetic variants in the gene KIF1B	papers	FALSE		"Yes, but details are only in the supplemental. Ashley, Emily and Sam disscussed and we think this currently wouldn't be included in the Evagg table (false)"	FALSE		"Variant details are in the supplement only, not in the main text. We discussed this question as a group and decided to choose false since no variant details included in main text.  "
Q223	NLGN3	PMID: 21615902 - Gene expression analysis in lymphoblasts derived from patients with autism spectrum disorder.	https://www.ncbi.nlm.nih.gov/pmc/articles/PMC3118341/	The paper 21615902 discusses one or more human genetic variants in the gene NLGN3	papers	FALSE			FALSE		Refers to this variant in the intro only and references a different paper. The paper is about the expression of this gene in ASD individuals.
Q225	NLGN3	"PMID: 23468870 - Lack of association between NLGN3, NLGN4, SHANK2 and SHANK3 gene variants and autism spectrum disorder in a Chinese population."	https://www.ncbi.nlm.nih.gov/pmc/articles/PMC3582503/	The paper 23468870 discusses one or more human genetic variants in the gene NLGN3	papers	FALSE		"SNP association study, not a rare variant assoc. w/ a monogenic etiology"	FALSE		Refers to this variant in the intro only and references a different paper. The paper is about CNVs in this gene in ASD individuals.
Q226	NLGN3	PMID: 25533962 - Large-scale discovery of novel genetic causes of developmental disorders.	https://www.ncbi.nlm.nih.gov/pmc/articles/PMC5955210/	The paper 25533962 discusses one or more human genetic variants in the gene NLGN3	papers	FALSE		Didn't see a specific variant mentioned	FALSE		
Q228	NLGN3	PMID: 29622757 - Significance of neurexin and neuroligin polymorphisms in regulating risk of Hirschsprung's disease.	https://www.ncbi.nlm.nih.gov/pmc/articles/PMC5992363/	The paper 29622757 discusses one or more human genetic variants in the gene NLGN3	papers	TRUE		SNP association study	TRUE		as a modifer of disease
Q229	NLGN3	PMID: 31002480 - Colonic dilation and altered ex vivo gastrointestinal motility in the neuroligin-3 knockout mouse.	https://www.ncbi.nlm.nih.gov/pmc/articles/PMC7317711/	The paper 31002480 discusses one or more human genetic variants in the gene NLGN3	papers	FALSE			FALSE		"This is a KO mouse model, a human variant is only dicussed in the intro ""A missense mutation in Nlgn3 causing the substitution of a conserved arginine for a cysteine residue at position 451 within the NLGN3 protein was identified in two brothers diagnosed with ASD [Jamain et al., 2003]."""
Q23	MLH3	PMID: 37656691 - Investigation of germline variants in Bahraini women with breast cancer using next-generation sequencing based-multigene panel.	https://www.ncbi.nlm.nih.gov/pmc/articles/PMC10473515/	The paper 37656691 discusses the phenotype for the individual 'p-13' with variant 'c	phenotype	TRUE	Adenomatous colonic polyposis (HP:0005227)		TRUE	Adenomatous colonic polyposis (HP:0005227)	"A relative of p-13 had leukemia, not p-13 herself."
Q23	MLH3	PMID: 37656691 - Investigation of germline variants in Bahraini women with breast cancer using next-generation sequencing based-multigene panel.	https://www.ncbi.nlm.nih.gov/pmc/articles/PMC10473515/	The paper 37656691 discusses the phenotype for the individual 'p-13' with variant 'c	phenotype	TRUE	Endometrial carcinoma (HP:0012114)		TRUE	Endometrial carcinoma (HP:0012114)	"A relative of p-13 had leukemia, not p-13 herself."
Q230	NLGN3	PMID: 31827744 - Mutations in neuroligin-3 in male mice impact behavioral flexibility but not relational memory in a touchscreen test of visual transitive inference.	https://www.ncbi.nlm.nih.gov/pmc/articles/PMC6889473/	The paper 31827744 discusses one or more human genetic variants in the gene NLGN3	papers	TRUE		NLGN3 is a susceptibility locus. The R451C variant is thought to be a risk factor. Not a monogenic cause.	TRUE		
Q231	NLGN3	PMID: 32327975 - Altered Caecal Neuroimmune Interactions in the Neuroligin-3R451C Mouse Model of Autism.	https://www.ncbi.nlm.nih.gov/pmc/articles/PMC7160799/	The paper 32327975 discusses one or more human genetic variants in the gene NLGN3	papers	TRUE		NLGN3 is a susceptibility locus. The R451C variant is thought to be a risk factor. Not a monogenic cause.	TRUE		
Q232	NLGN3	PMID: 33758193 - Canonical versus non-canonical transsynaptic signaling of neuroligin 3 tunes development of sociality in mice.	https://www.ncbi.nlm.nih.gov/pmc/articles/PMC7988105/	The paper 33758193 discusses one or more human genetic variants in the gene NLGN3	papers	TRUE		NLGN3 is a susceptibility locus. The R451C variant is thought to be a risk factor. Not a monogenic cause.	TRUE		
Q233	NLGN3	PMID: 36479216 - Expression and structural analysis of human neuroligin 2 and neuroligin 3 implicated in autism spectrum disorders.	https://www.ncbi.nlm.nih.gov/pmc/articles/PMC9719943/	The paper 36479216 discusses one or more human genetic variants in the gene NLGN3	papers	TRUE			TRUE		Refers to this variant in the intro only and references a different paper. The paper is about NLGN3 expression and modeling
Q234	NLGN3	PMID: 37509099 - Quantitative Spatial Analysis of Neuroligin-3 mRNA Expression in the Enteric Nervous System Reveals a Potential Role in Neuronal-Glial Synapses and Reduced Expression in Nlgn3R451C Mice.	https://www.ncbi.nlm.nih.gov/pmc/articles/PMC10377306/	The paper 37509099 discusses one or more human genetic variants in the gene NLGN3	papers	TRUE		NLGN3 is a susceptibility locus. The R451C variant is thought to be a risk factor. Not a monogenic cause.	TRUE		Paper is about the mouse model of a human variant
Q235	NLGN3	PMID: 38475840 - Differential contribution of canonical and noncanonical NLGN3 pathways to early social development and memory performance.	https://www.ncbi.nlm.nih.gov/pmc/articles/PMC10935922/	The paper 38475840 discusses one or more human genetic variants in the gene NLGN3	papers	TRUE		NLGN3 is a susceptibility locus. The R451C variant is thought to be a risk factor. Not a monogenic cause.	TRUE		Paper is about the mouse model of a human variant
Q236	PRPH	PMID: 25299611 - Targeted exon capture and sequencing in sporadic amyotrophic lateral sclerosis.	https://www.ncbi.nlm.nih.gov/pmc/articles/PMC4191946/	The paper 25299611 discusses one or more human genetic variants in the gene PRPH	papers	FALSE		Didn't see a specific variant mentioned	FALSE		only in the supplementals
Q238	B4GAT1	PMID: 25279699 - The glucuronyltransferase B4GAT1 is required for initiation of LARGE-mediated ?�??-dystroglycan functional glycosylation.	https://www.ncbi.nlm.nih.gov/pmc/articles/PMC4227050/	The paper 25279699 discusses the variant c	observations	This variant is either invalid or it is not discussed in the paper		not a human variant	This variant is either invalid or it is not discussed in the paper		"This variant is discussed, but in the context of being introduced into mouse embryonic fibroblasts (MEFs) cell line for functional characterization. Unclear if an equivalent mutation was previously found in human patients."
Q243	EMC1	"PMID: 29271071 - A novel splice variant in EMC1 is associated with cerebellar atrophy, visual impairment, psychomotor retardation with epilepsy."	https://www.ncbi.nlm.nih.gov/pmc/articles/PMC5902391/	The paper 29271071 discusses the variant c	observations	This is completely correct		CTRL+F did not identify this variant	This is completely correct		
Q245	EMC1	"PMID: 29271071 - A novel splice variant in EMC1 is associated with cerebellar atrophy, visual impairment, psychomotor retardation with epilepsy."	https://www.ncbi.nlm.nih.gov/pmc/articles/PMC5902391/	The paper 29271071 discusses the variant p	observations	This is completely correct		CTRL+F did not identify this variant	This is completely correct		
Q262	JPH2	PMID: 35001666 - The role of junctophilin proteins in cellular function.	https://www.ncbi.nlm.nih.gov/pmc/articles/PMC8934682/	The paper 35001666 discusses the variant p	observations	This is completely correct			This is completely correct		"This variant is included in the paper, but it's just referring to a ClinVar submission for the variant, it is not linked to a specific proband and does not have associated MOI or phenotype info."
Q263	JPH2	PMID: 35001666 - The role of junctophilin proteins in cellular function.	https://www.ncbi.nlm.nih.gov/pmc/articles/PMC8934682/	The paper 35001666 discusses the variant p	observations	This is completely correct		Typo in the table! Correctly extracted though	This is completely correct		
Q265	JPH2	PMID: 35001666 - The role of junctophilin proteins in cellular function.	https://www.ncbi.nlm.nih.gov/pmc/articles/PMC8934682/	The paper 35001666 discusses the variant p	observations	This is completely correct		Another typo! Should be p.Ser165_Asn172delinsHis	This is completely correct		
Q268	SARS1	PMID: 36041817 - Loss of seryl-tRNA synthetase (SARS1) causes complex spastic paraplegia and cellular senescence.	https://www.ncbi.nlm.nih.gov/pmc/articles/PMC9691831/	The paper 36041817 discusses the variant c	observations	"This variant is discussed, but it is not possessed by the specified individual"			"This variant is discussed, but it is not possessed by the specified individual"		
Q269	SARS1	PMID: 36041817 - Loss of seryl-tRNA synthetase (SARS1) causes complex spastic paraplegia and cellular senescence.	https://www.ncbi.nlm.nih.gov/pmc/articles/PMC9691831/	The paper 36041817 discusses the variant c	observations	"This variant is discussed, but it is not possessed by the specified individual"			"This variant is discussed, but it is not possessed by the specified individual"		
Q271	SLFN14	PMID: 29678925 - Role of the novel endoribonuclease SLFN14 and its disease-causing mutations in ribosomal degradation.	https://www.ncbi.nlm.nih.gov/pmc/articles/PMC6004054/	The paper 29678925 discusses the variant p	observations	This is completely correct			This is completely correct		
Q272	SLFN14	PMID: 37041648 - Novel SLFN14 mutation associated with macrothrombocytopenia in a patient with severe haemorrhagic syndrome.	https://www.ncbi.nlm.nih.gov/pmc/articles/PMC10091655/	The paper 37041648 discusses the variant p	observations	This is completely correct			This is completely correct		
Q273	SLFN14	PMID: 37041648 - Novel SLFN14 mutation associated with macrothrombocytopenia in a patient with severe haemorrhagic syndrome.	https://www.ncbi.nlm.nih.gov/pmc/articles/PMC10091655/	The paper 37041648 discusses the variant p	observations	This is completely correct			This is completely correct		
Q274	SLFN14	PMID: 37041648 - Novel SLFN14 mutation associated with macrothrombocytopenia in a patient with severe haemorrhagic syndrome.	https://www.ncbi.nlm.nih.gov/pmc/articles/PMC10091655/	The paper 37041648 discusses the variant p	observations	This is completely correct			This is completely correct		
Q278	TOPBP1	PMID: 34199176 - Novel Genetic and Molecular Pathways in Pulmonary Arterial Hypertension Associated with Connective Tissue Disease.	https://www.ncbi.nlm.nih.gov/pmc/articles/PMC8231632/	The paper 34199176 discusses the variant c	observations	"This variant is discussed, but it is not possessed by the specified individual"			"This variant is discussed, but it is not possessed by the specified individual"		it is in individual 9 as specificed by Q277
Q281	SLFN14	PMID: 37041648 - Novel SLFN14 mutation associated with macrothrombocytopenia in a patient with severe haemorrhagic syndrome.	https://www.ncbi.nlm.nih.gov/pmc/articles/PMC10091655/	The paper 37041648 discusses the variant p	observations	This is completely correct			This is completely correct		
Q288	NDUFA2	PMID: 32154054 - Cavitating and tigroid-like leukoencephalopathy in a case of NDUFA2-related disorder.	https://www.ncbi.nlm.nih.gov/pmc/articles/PMC7052689/	The paper 32154054 discusses the variant c	observations	This is completely correct		There's no case 3a	This is completely correct		case 3 and case 3a are the same
Q291	NDUFA2	PMID: 32154054 - Cavitating and tigroid-like leukoencephalopathy in a case of NDUFA2-related disorder.	https://www.ncbi.nlm.nih.gov/pmc/articles/PMC7052689/	The paper 32154054 discusses the variant c	observations	"This variant is discussed, but it is not possessed by the specified individual"			"This variant is discussed, but it is not possessed by the specified individual"		This is only mentioned in the table for case 1. This isn't in the main text so I would say this is a named individual that isn't the primary proband.
Q293	NDUFA2	PMID: 32154054 - Cavitating and tigroid-like leukoencephalopathy in a case of NDUFA2-related disorder.	https://www.ncbi.nlm.nih.gov/pmc/articles/PMC7052689/	The paper 32154054 discusses the variant c	observations	This is completely correct		There's no case 3a	This is completely correct		case 3 and case 3a are the same
Q31	TOP2B	PMID: 36450898 - Disease-associated H58Y mutation affects the nuclear dynamics of human DNA topoisomerase IIÎ².	https://www.ncbi.nlm.nih.gov/pmc/articles/PMC9712534/	The paper 36450898 discusses the phenotype for the primary proband or an unknown/unnamed individual with variant 'p	phenotype	FALSE	Autistic behavior (HP:0000729)		FALSE	Autistic behavior (HP:0000729)	There is no patient mentioned with the variant that I could find. The variant is used in the functional studies only
Q31	TOP2B	PMID: 36450898 - Disease-associated H58Y mutation affects the nuclear dynamics of human DNA topoisomerase IIÎ².	https://www.ncbi.nlm.nih.gov/pmc/articles/PMC9712534/	The paper 36450898 discusses the phenotype for the primary proband or an unknown/unnamed individual with variant 'p	phenotype	FALSE	Autism (HP:0000717)		FALSE	Autism (HP:0000717)	There is no patient mentioned with the variant that I could find. The variant is used in the functional studies only
Q31	TOP2B	PMID: 36450898 - Disease-associated H58Y mutation affects the nuclear dynamics of human DNA topoisomerase IIÎ².	https://www.ncbi.nlm.nih.gov/pmc/articles/PMC9712534/	The paper 36450898 discusses the phenotype for the primary proband or an unknown/unnamed individual with variant 'p	phenotype	FALSE	Global developmental delay (HP:0001263)		FALSE	Global developmental delay (HP:0001263)	There is no patient mentioned with the variant that I could find. The variant is used in the functional studies only
Q314	AHCY	"PMID: 38052822 - SAM, SAH and C. elegans longevity: insights from a partial AHCY deficiency model."	https://www.ncbi.nlm.nih.gov/pmc/articles/PMC10698036/	The paper 38052822 discusses the variant p	observations	This variant is either invalid or it is not discussed in the paper		It is the human equivalent	This variant is either invalid or it is not discussed in the paper		
Q315	AHCY	"PMID: 38052822 - SAM, SAH and C. elegans longevity: insights from a partial AHCY deficiency model."	https://www.ncbi.nlm.nih.gov/pmc/articles/PMC10698036/	The paper 38052822 discusses the variant p	observations	This variant is either invalid or it is not discussed in the paper		It is the human equivalent	This variant is either invalid or it is not discussed in the paper		"The p.Tyr320Asp was discussed, but  is noted to be the c. elegans equivalent of the ""human Y328D pathogenic mutation"" that was modeled in this paper. "
Q316	AHCY	"PMID: 38052822 - SAM, SAH and C. elegans longevity: insights from a partial AHCY deficiency model."	https://www.ncbi.nlm.nih.gov/pmc/articles/PMC10698036/	The paper 38052822 discusses the variant p	observations	This is completely correct		It is the human equivalent	This is completely correct		
Q318	TDO2	"PMID: 35743796 - Two Genetic Mechanisms in Two Siblings with Intellectual Disability, Autism Spectrum Disorder, and Psychosis."	https://www.ncbi.nlm.nih.gov/pmc/articles/PMC9224546/	The paper 35743796 discusses the variant c	observations	This is completely correct			This is completely correct		
Q32	TOP2B	PMID: 36450898 - Disease-associated H58Y mutation affects the nuclear dynamics of human DNA topoisomerase IIÎ².	https://www.ncbi.nlm.nih.gov/pmc/articles/PMC9712534/	The paper 36450898 discusses the phenotype for the primary proband or an unknown/unnamed individual with variant 'p	phenotype	FALSE	Global developmental delay (HP:0001263)		FALSE	Global developmental delay (HP:0001263)	B lymphocytopenia (HP:0010976) is listed
Q37	ZNF423	PMID: 33270637 - Pituitary stalk interruption syndrome is characterized by genetic heterogeneity.	https://www.ncbi.nlm.nih.gov/pmc/articles/PMC7714207/	The paper 33270637 discusses the phenotype for the individual '29' with variant 'c	phenotype	FALSE	Premature ovarian insufficiency (HP:0008209)		FALSE	Premature ovarian insufficiency (HP:0008209)	
Q40	JPH2	PMID: 37371654 - The Junctophilin-2 Mutation p.(Thr161Lys) Is Associated with Hypertrophic Cardiomyopathy Using Patient-Specific iPS Cardiomyocytes and Demonstrates Prolonged Action Potential and Increased Arrhythmogenicity.	https://www.ncbi.nlm.nih.gov/pmc/articles/PMC10295168/	The paper 37371654 discusses the phenotype for the primary proband or an unknown/unnamed individual with variant 'c	phenotype	FALSE	Prolonged miniature endplate currents (HP:0003436)	"I'm 90% sure this is false, but my cardiac jargon is not great. The most relevant HPO term would be hypertrophic cardiomyopathy. "	FALSE	Prolonged miniature endplate currents (HP:0003436)	
Q42	EMC1	PMID: 37187958 - Novel compound heterozygous variants in EMC1 associated with global developmental delay: a lesson from a non-silent synonymous exonic mutation.	https://www.ncbi.nlm.nih.gov/pmc/articles/PMC10175691/	The paper 37187958 discusses the phenotype for the individual 'sister' with variant 'p	phenotype	FALSE	Visual impairment (HP:0000505)		FALSE	Visual impairment (HP:0000505)	
Q43	PRPH	PMID: 30992453 - A PRPH splice-donor variant associates with reduced sural nerve amplitude and risk of peripheral neuropathy.	https://www.ncbi.nlm.nih.gov/pmc/articles/PMC6468012/	The paper 30992453 discusses the phenotype for the primary proband or an unknown/unnamed individual with variant 'c	phenotype	FALSE	Antenatal onset (HP:0030674)	These aren't exactly HPO terms but modifiers	FALSE	Antenatal onset (HP:0030674)	"early onset is mentioned in the paper, with a range of 10-35 years. The correct HPO term is probably young adult onset."
Q43	PRPH	PMID: 30992453 - A PRPH splice-donor variant associates with reduced sural nerve amplitude and risk of peripheral neuropathy.	https://www.ncbi.nlm.nih.gov/pmc/articles/PMC6468012/	The paper 30992453 discusses the phenotype for the primary proband or an unknown/unnamed individual with variant 'c	phenotype	TRUE	Mild (HP:0012825)	These aren't exactly HPO terms but modifiers	TRUE	Mild (HP:0012825)	"early onset is mentioned in the paper, with a range of 10-35 years. The correct HPO term is probably young adult onset."
Q44	NDUFA2	PMID: 32154054 - Cavitating and tigroid-like leukoencephalopathy in a case of NDUFA2-related disorder.	https://www.ncbi.nlm.nih.gov/pmc/articles/PMC7052689/	The paper 32154054 discusses the phenotype for the individual 'case 2' with variant 'c	phenotype	TRUE	Abnormality of the internal capsule (HP:0012502)		TRUE	Abnormality of the internal capsule (HP:0012502)	Case 2 is only mentioned in the table but these other terms seemed to have come from both the table and main text.
Q44	NDUFA2	PMID: 32154054 - Cavitating and tigroid-like leukoencephalopathy in a case of NDUFA2-related disorder.	https://www.ncbi.nlm.nih.gov/pmc/articles/PMC7052689/	The paper 32154054 discusses the phenotype for the individual 'case 2' with variant 'c	phenotype	TRUE	Generalized-onset seizure (HP:0002197)		TRUE	Generalized-onset seizure (HP:0002197)	Case 2 is only mentioned in the table but these other terms seemed to have come from both the table and main text.
Q44	NDUFA2	PMID: 32154054 - Cavitating and tigroid-like leukoencephalopathy in a case of NDUFA2-related disorder.	https://www.ncbi.nlm.nih.gov/pmc/articles/PMC7052689/	The paper 32154054 discusses the phenotype for the individual 'case 2' with variant 'c	phenotype	TRUE	Global developmental delay (HP:0001263)		TRUE	Global developmental delay (HP:0001263)	Case 2 is only mentioned in the table but these other terms seemed to have come from both the table and main text.
Q44	NDUFA2	PMID: 32154054 - Cavitating and tigroid-like leukoencephalopathy in a case of NDUFA2-related disorder.	https://www.ncbi.nlm.nih.gov/pmc/articles/PMC7052689/	The paper 32154054 discusses the phenotype for the individual 'case 2' with variant 'c	phenotype	TRUE	Periventricular cysts (HP:0007109)		TRUE	Periventricular cysts (HP:0007109)	Case 2 is only mentioned in the table but these other terms seemed to have come from both the table and main text.
Q45	NDUFA2	PMID: 32154054 - Cavitating and tigroid-like leukoencephalopathy in a case of NDUFA2-related disorder.	https://www.ncbi.nlm.nih.gov/pmc/articles/PMC7052689/	The paper 32154054 discusses the phenotype for the individual 'case 4' with variant 'c	phenotype	FALSE	Talipes equinovarus (HP:0001762)		FALSE	Talipes equinovarus (HP:0001762)	
Q45	NDUFA2	PMID: 32154054 - Cavitating and tigroid-like leukoencephalopathy in a case of NDUFA2-related disorder.	https://www.ncbi.nlm.nih.gov/pmc/articles/PMC7052689/	The paper 32154054 discusses the phenotype for the individual 'case 4' with variant 'c	phenotype	FALSE	Lower limb hyperreflexia (HP:0002395)		FALSE	Lower limb hyperreflexia (HP:0002395)	
Q47	KIF1B	PMID: 37780619 - Case Report: A 65-year-old man with paraganglioma accompanied by elevated interleukin-6 levels and KIF1B single gene mutation.	https://www.ncbi.nlm.nih.gov/pmc/articles/PMC10538641/	The paper 37780619 discusses the phenotype for the primary proband or an unknown/unnamed individual with variant 'c	phenotype	FALSE	Right ventricular failure (HP:0001708)	"increased CRP levels were mentioned which I believe is different from ""Elevated circulating hepatic transaminase concentration (HP:0002910)"". Also mention of ""easy bleeding when touching"" in relation to the gastroscopy examination but I don't think that is ecchymosis? Might be capillary leak?"	FALSE	Right ventricular failure (HP:0001708)	
Q47	KIF1B	PMID: 37780619 - Case Report: A 65-year-old man with paraganglioma accompanied by elevated interleukin-6 levels and KIF1B single gene mutation.	https://www.ncbi.nlm.nih.gov/pmc/articles/PMC10538641/	The paper 37780619 discusses the phenotype for the primary proband or an unknown/unnamed individual with variant 'c	phenotype	TRUE	Thrombocytosis (HP:0001894)	"increased CRP levels were mentioned which I believe is different from ""Elevated circulating hepatic transaminase concentration (HP:0002910)"". Also mention of ""easy bleeding when touching"" in relation to the gastroscopy examination but I don't think that is ecchymosis? Might be capillary leak?"	TRUE	Thrombocytosis (HP:0001894)	
Q47	KIF1B	PMID: 37780619 - Case Report: A 65-year-old man with paraganglioma accompanied by elevated interleukin-6 levels and KIF1B single gene mutation.	https://www.ncbi.nlm.nih.gov/pmc/articles/PMC10538641/	The paper 37780619 discusses the phenotype for the primary proband or an unknown/unnamed individual with variant 'c	phenotype	FALSE	Capillary leak (HP:0030005)	"increased CRP levels were mentioned which I believe is different from ""Elevated circulating hepatic transaminase concentration (HP:0002910)"". Also mention of ""easy bleeding when touching"" in relation to the gastroscopy examination but I don't think that is ecchymosis? Might be capillary leak?"	FALSE	Capillary leak (HP:0030005)	
Q48	AHCY	"PMID: 38052822 - SAM, SAH and C. elegans longevity: insights from a partial AHCY deficiency model."	https://www.ncbi.nlm.nih.gov/pmc/articles/PMC10698036/	The paper 38052822 discusses the phenotype for the primary proband or an unknown/unnamed individual with variant 'p	phenotype	FALSE	Mortality/Aging (HP:0040006)		FALSE	Mortality/Aging (HP:0040006)	"This paper describes phenotypes observed in a c. elegans model organism, not a human."
Q5	EXOC2	PMID: 32639540 - Mutations in the exocyst component EXOC2 cause severe defects in human brain development.	https://www.ncbi.nlm.nih.gov/pmc/articles/PMC7537385/	The paper 32639540 discusses the phenotype for the individual '1:iv-2' with variant 'c	phenotype	FALSE	Optic disc hypoplasia (HP:0007766)		FALSE	Optic disc hypoplasia (HP:0007766)	
Q51	KIF1B	PMID: 33362715 - Genetic and Clinical Profiles of Pheochromocytoma and Paraganglioma: A Single Center Study.	https://www.ncbi.nlm.nih.gov/pmc/articles/PMC7761866/	The paper 33362715 discusses the phenotype for the individual '108' with variant 'c	phenotype	FALSE	Headache (HP:0002315)	"Ambiguious. These were from a generalised statement and I don't know that we can know for sure this is relevant for patient 108. ""For the patients with unresectable or metastatic tumor, PPGL diagnosis was established on the basis of clinical features (headache, palpitations and sweating), increased 24-h urinary catecholamine excretion or plasma metanephrines and imaging tests."""	FALSE	Headache (HP:0002315)	
Q51	KIF1B	PMID: 33362715 - Genetic and Clinical Profiles of Pheochromocytoma and Paraganglioma: A Single Center Study.	https://www.ncbi.nlm.nih.gov/pmc/articles/PMC7761866/	The paper 33362715 discusses the phenotype for the individual '108' with variant 'c	phenotype	FALSE	Palpitations (HP:0001962)	"Ambiguious. These were from a generalised statement and I don't know that we can know for sure this is relevant for patient 108. ""For the patients with unresectable or metastatic tumor, PPGL diagnosis was established on the basis of clinical features (headache, palpitations and sweating), increased 24-h urinary catecholamine excretion or plasma metanephrines and imaging tests."""	FALSE	Palpitations (HP:0001962)	
Q51	KIF1B	PMID: 33362715 - Genetic and Clinical Profiles of Pheochromocytoma and Paraganglioma: A Single Center Study.	https://www.ncbi.nlm.nih.gov/pmc/articles/PMC7761866/	The paper 33362715 discusses the phenotype for the individual '108' with variant 'c	phenotype	FALSE	Hyperhidrosis (HP:0000975)	"Ambiguious. These were from a generalised statement and I don't know that we can know for sure this is relevant for patient 108. ""For the patients with unresectable or metastatic tumor, PPGL diagnosis was established on the basis of clinical features (headache, palpitations and sweating), increased 24-h urinary catecholamine excretion or plasma metanephrines and imaging tests."""	FALSE	Hyperhidrosis (HP:0000975)	
Q52	COG4	PMID: 33688625 - Saul-Wilson Syndrome Missense Allele Does Not Show Obvious Golgi Defects in a C. elegans Model.	https://www.ncbi.nlm.nih.gov/pmc/articles/PMC7933980/	What type of study is the paper 33688625?	study_type	Other (see note)		Animal model/ functional characterization	Other (see note)		Functional study
Q55	SLFN14	PMID: 29678925 - Role of the novel endoribonuclease SLFN14 and its disease-causing mutations in ribosomal degradation.	https://www.ncbi.nlm.nih.gov/pmc/articles/PMC6004054/	What type of study is the paper 29678925?	study_type	Other (see note)		Functional study	Other (see note)		Functional study - cell models of human variants
Q56	TOP2B	PMID: 36450898 - Disease-associated H58Y mutation affects the nuclear dynamics of human DNA topoisomerase IIÎ².	https://www.ncbi.nlm.nih.gov/pmc/articles/PMC9712534/	What type of study is the paper 36450898?	study_type	Other (see note)		Functional study	Other (see note)		Functional study - modelling patient variants
Q57	DNAJC7	PMID: 33193563 - A Novel Potentially Pathogenic Rare Variant in the DNAJC7 Gene Identified in Amyotrophic Lateral Sclerosis Patients From Mainland China.	https://www.ncbi.nlm.nih.gov/pmc/articles/PMC7476650/	What type of study is the paper 33193563?	study_type	Cohort analysis			Cohort analysis		
Q58	NLGN3	PMID: 28948087 - Not all neuroligin 3 and 4X missense variants lead to significant functional inactivation.	https://www.ncbi.nlm.nih.gov/pmc/articles/PMC5607556/	What type of study is the paper 28948087?	study_type	Other (see note)		Functional study	Other (see note)		Functional study of previously reported missenses
Q6	EXOC2	PMID: 32639540 - Mutations in the exocyst component EXOC2 cause severe defects in human brain development.	https://www.ncbi.nlm.nih.gov/pmc/articles/PMC7537385/	The paper 32639540 discusses the phenotype for the individual '2:ii-1' with variant 'c	phenotype	FALSE	Aplasia/Hypoplasia of the spleen (HP:0010451)		FALSE	Aplasia/Hypoplasia of the spleen (HP:0010451)	"Of note, the paper reports the HPO term HP:0010451 as corresponding to ""small accessory spleen"" rather than ""aplasia/hypoplasia of the spleen"" as noted above, so not an exact match but the term is reported for this proband."
Q60	NLGN3	PMID: 34262438 - An Autism-Associated Neuroligin-3 Mutation Affects Developmental Synapse Elimination in the Cerebellum.	https://www.ncbi.nlm.nih.gov/pmc/articles/PMC8273702/	What type of study is the paper 34262438?	study_type	Other (see note)		Functional study	Other (see note)		Functional study - mouse model of a previously reported missense
Q61	AHCY	"PMID: 38052822 - SAM, SAH and C. elegans longevity: insights from a partial AHCY deficiency model."	https://www.ncbi.nlm.nih.gov/pmc/articles/PMC10698036/	What type of study is the paper 38052822?	study_type	Other (see note)		Animal model/ functional characterization	Other (see note)		Functional study
Q68	GRXCR2	PMID: 33528103 - Whole exome sequencing reveals a biallelic frameshift mutation in GRXCR2 in hearing impairment in Cameroon.	https://www.ncbi.nlm.nih.gov/pmc/articles/PMC8104159/	The paper 33528103 discusses the inheritance pattern for the variant 'c	variant_inheritance	Inherited			Inherited		"Can assume probably inherited since variant is homozygous, but author notes that the variant was not investigated in parents or other family members. "
Q7	EXOC2	PMID: 32639540 - Mutations in the exocyst component EXOC2 cause severe defects in human brain development.	https://www.ncbi.nlm.nih.gov/pmc/articles/PMC7537385/	The paper 32639540 discusses the phenotype for the individual '2:ii-1' with variant 'c	phenotype	FALSE	Aplasia/Hypoplasia of the spleen (HP:0010451)		FALSE	Aplasia/Hypoplasia of the spleen (HP:0010451)	"Of note, the paper reports the HPO term HP:0010451 as corresponding to ""small accessory spleen"" rather than ""aplasia/hypoplasia of the spleen"" as noted above, so not an exact match but the term is reported for this proband."
Q72	RNASEH1	PMID: 31258551 - Identification and Characterization of New RNASEH1 Mutations Associated With PEO Syndrome and Multiple Mitochondrial DNA Deletions.	https://www.ncbi.nlm.nih.gov/pmc/articles/PMC6588129/	The paper 31258551 discusses the inheritance pattern for the variant 'c	variant_inheritance	Unknown			Unknown		
Q73	RNASEH1	PMID: 31258551 - Identification and Characterization of New RNASEH1 Mutations Associated With PEO Syndrome and Multiple Mitochondrial DNA Deletions.	https://www.ncbi.nlm.nih.gov/pmc/articles/PMC6588129/	The paper 31258551 discusses the inheritance pattern for the variant 'c	variant_inheritance	Unknown			Unknown		
Q79	TOP2B	PMID: 36450898 - Disease-associated H58Y mutation affects the nuclear dynamics of human DNA topoisomerase IIÎ².	https://www.ncbi.nlm.nih.gov/pmc/articles/PMC9712534/	The paper 36450898 discusses the inheritance pattern for the variant 'p	variant_inheritance	Unknown			Unknown		not a patient variant that I can tell
Q8	FBN2	PMID: 32184806 - A Novel Splicing Mutation in the FBN2 Gene in a Family With Congenital Contractural Arachnodactyly.	https://www.ncbi.nlm.nih.gov/pmc/articles/PMC7058790/	The paper 32184806 discusses the phenotype for the individual 'ii-1' with variant 'c	phenotype	TRUE	Slender long bone (HP:0003100)		TRUE	Slender long bone (HP:0003100)	"Proband is noted to have the ability to stand on tiptoes, but is not reported to have a tiptoe gait, specifically."
Q81	TOP2B	PMID: 36450898 - Disease-associated H58Y mutation affects the nuclear dynamics of human DNA topoisomerase IIÎ².	https://www.ncbi.nlm.nih.gov/pmc/articles/PMC9712534/	The paper 36450898 discusses the inheritance pattern for the variant 'p	variant_inheritance	Unknown			Unknown		not a patient variant that I can tell
Q83	TOP2B	PMID: 36450898 - Disease-associated H58Y mutation affects the nuclear dynamics of human DNA topoisomerase IIÎ².	https://www.ncbi.nlm.nih.gov/pmc/articles/PMC9712534/	The paper 36450898 discusses the inheritance pattern for the variant 'p	variant_inheritance	Unknown			Unknown		not a patient variant that I can tell
Q84	ZNF423	PMID: 33531950 - An Atypical Presentation of Joubert Syndrome Due to a Novel Mutation in ZNF423 Gene.	https://www.ncbi.nlm.nih.gov/pmc/articles/PMC7847091/	The paper 33531950 discusses the inheritance pattern for the variant 'c	variant_inheritance	Unknown			Unknown		inferred from compound heterozygous
Q85	ZNF423	PMID: 33531950 - An Atypical Presentation of Joubert Syndrome Due to a Novel Mutation in ZNF423 Gene.	https://www.ncbi.nlm.nih.gov/pmc/articles/PMC7847091/	The paper 33531950 discusses the inheritance pattern for the variant 'c	variant_inheritance	Unknown			Unknown		inferred from compound heterozygous
Q9	FBN2	PMID: 32184806 - A Novel Splicing Mutation in the FBN2 Gene in a Family With Congenital Contractural Arachnodactyly.	https://www.ncbi.nlm.nih.gov/pmc/articles/PMC7058790/	The paper 32184806 discusses the phenotype for the individual 'ii-8' with variant 'c	phenotype	TRUE	Slender long bone (HP:0003100)		TRUE	Slender long bone (HP:0003100)	
