query_gene	query_variant	gene	HGVS.C	HGVS.P	doi	pmid	pmcid	is_pmc_oa	phenotype	zygosity	variant_inheritance	study_type	functional_study	variant_type	paper_title	link	notes
COQ2		COQ2	c.115A>T	p.T39S	10.1056/NEJMoa2035790	34758253	PMC7613219	True	Coenzyme Q10 deficiency	Heterozygous	Unknown	Cohort analysis	-	Missense	100,000 Genomes Pilot on Rare-Disease Diagnosis in Health Care - Preliminary Report.	https://pubmed.ncbi.nlm.nih.gov/34758253/	
COQ2		COQ2	c.151A>G	p.M51V	10.1001/jamapediatrics.2020.5906	33587123	PMC7885094	False	Coenzyme Q10 deficiency	Heterozygous	Unknown	Cohort analysis	-	Missense	Novel Variant Findings and Challenges Associated With the Clinical Integration of Genomic Testing: An Interim Report of the Genomic Medicine for Ill Neonates and Infants (GEMINI) Study.	https://pubmed.ncbi.nlm.nih.gov/33587123/	
COQ2		COQ2	c.157G>A	p.G53S	10.1002/ajmg.a.61983	33215859		False	Coenzyme Q10 deficiency	Homozygous	Unknown	Cohort analysis	-	Missense	Clinical spectrum in multiple families with primary COQ(10) deficiency.	https://pubmed.ncbi.nlm.nih.gov/33215859/	
COQ2		COQ2	c.163C>T	p.R55*	10.3390/jcm8111811	31683770	PMC6912785	True	Coenzyme Q10 deficiency	Heterozygous	Unknown	Cohort analysis	Functional studies using patient cells supports pathogenicity of the variant	Nonsense	Genes and Variants Underlying Human Congenital Lactic Acidosis-From Genetics to Personalized Treatment.	https://pubmed.ncbi.nlm.nih.gov/31683770/	
COQ2		COQ2	c.215C>T	p.P72L	10.1016/j.kint.2022.02.040	35483523		False	Coenzyme Q10 deficiency	Heterozygous	Unknown	Cohort analysis	-	Missense	Variation of the clinical spectrum and genotype-phenotype associations in Coenzyme Q10 deficiency associated glomerulopathy.	https://pubmed.ncbi.nlm.nih.gov/35483523/	
COQ2		COQ2	c.571-1G>A		10.1016/j.kint.2022.02.040	35483523		False	Coenzyme Q10 deficiency	Heterozygous	Unknown	Cohort analysis	-	Splice	Variation of the clinical spectrum and genotype-phenotype associations in Coenzyme Q10 deficiency associated glomerulopathy.	https://pubmed.ncbi.nlm.nih.gov/35483523/	
COQ2		COQ2	c.778+1G>A		10.1007/s00467-021-05141-5	34031707		False	Coenzyme Q10 deficiency	Heterozygous	Unknown	Cohort analysis	-	Splice	Diagnostic and clinical utility of genetic testing in children with kidney failure.	https://pubmed.ncbi.nlm.nih.gov/34031707/	
COQ2		COQ2	c.778+2T>C		10.1016/j.kint.2022.02.040	35483523		False	Coenzyme Q10 deficiency	Heterozygous	Unknown	Cohort analysis	-	Splice	Variation of the clinical spectrum and genotype-phenotype associations in Coenzyme Q10 deficiency associated glomerulopathy.	https://pubmed.ncbi.nlm.nih.gov/35483523/	
COQ2		COQ2	-	p.V393A	10.1001/jamaneurol.2016.1325	27356913		False	Multiple system atrophy - Disputed	Homozygous	Unknown	Cohort analysis	-	-	Plasma Coenzyme Q10 Levels in Patients With Multiple System Atrophy.	https://pubmed.ncbi.nlm.nih.gov/27356913/	
JPH1		JPH1	c.638G>C	p.R213P	10.1093/hmg/ddu440	25168384		False	Charcot-Marie-Tooth disease [modifier]	Heterozygous	Unknown	Cohort analysis	Functional studies using animal cells supports pathogenicity of the variant	Missense	Junctophilin-1 is a modifier gene of GDAP1-related Charcot-Marie-Tooth disease.	https://pubmed.ncbi.nlm.nih.gov/25168384/	
JPH1		JPH1	c.733A>G	p.M245V	10.1038/s41588-022-01148-2	35982159	PMC9470534	True	[Autism spectrum disorder]	Heterozygous	Unknown	Meta-analysis	-	Missense	Integrating de novo and inherited variants in 42,607 autism cases identifies mutations in new moderate-risk genes.	https://pubmed.ncbi.nlm.nih.gov/35982159/	hard one, variant in supplementary data 1
