query_gene	query_variant	gene	HGVS.C	HGVS.P	doi	pmid	pmcid	is_pmc_oa	license	phenotype	zygosity	variant_inheritance	study_type	functional_study	variant_type	paper_title	link	notes
COQ2		COQ2	c.163C>T	p.R55*	10.3390/jcm8111811	31683770	PMC6912785	True	CC BY	Coenzyme Q10 deficiency	Heterozygous	Unknown	Cohort analysis	Functional studies using patient cells supports pathogenicity of the variant	Nonsense	Genes and Variants Underlying Human Congenital Lactic Acidosis-From Genetics to Personalized Treatment.	https://pubmed.ncbi.nlm.nih.gov/31683770/	
PRKCG		PRKCG	c.70G>A	p.A24T	10.1002/mds.27334	29603387	PMC6175136	True	CC BY	Spinocerebellar ataxia 14	Heterozygous	Inherited	Cohort analysis	-	Missense	Genotype-phenotype correlations, dystonia and disease progression in spinocerebellar ataxia type 14.	https://pubmed.ncbi.nlm.nih.gov/29603387/	
TWNK		TWNK	c.1070G>C	p.R357P	10.3390/jcm11010022	35011763	PMC8745442	True	CC BY	Progressive external ophthalmoplegia	Heterozygous	Inherited	Cohort analysis	-	Missense	Clinical, Histological, and Genetic Features of 25 Patients with Autosomal Dominant Progressive External Ophthalmoplegia (ad-PEO)/PEO-Plus Due to TWNK Mutations.	https://pubmed.ncbi.nlm.nih.gov/35011763/	
TWNK		TWNK	c.1084G>C	p.A362P	10.3390/jcm11010022	35011763	PMC8745442	True	CC BY	Progressive external ophthalmoplegia	Heterozygous	Unknown	Cohort analysis	-	Missense	Clinical, Histological, and Genetic Features of 25 Patients with Autosomal Dominant Progressive External Ophthalmoplegia (ad-PEO)/PEO-Plus Due to TWNK Mutations.	https://pubmed.ncbi.nlm.nih.gov/35011763/	
TWNK		TWNK	c.1106C>T	p.S369F	10.3390/jcm11010022	35011763	PMC8745442	True	CC BY	Progressive external ophthalmoplegia	Heterozygous	Unknown	Cohort analysis	-	Missense	Clinical, Histological, and Genetic Features of 25 Patients with Autosomal Dominant Progressive External Ophthalmoplegia (ad-PEO)/PEO-Plus Due to TWNK Mutations.	https://pubmed.ncbi.nlm.nih.gov/35011763/	
TWNK		TWNK	c.1423G>C	p.A475P	10.1371/journal.pone.0043954	22952820	PMC3429445	True	CC BY	Progressive external ophthalmoplegia	Heterozygous	Inherited	Cohort analysis	Functional studies using animal cells supports pathogenicity of the variant	Missense	Modeling pathogenic mutations of human twinkle in Drosophila suggests an apoptosis role in response to mitochondrial defects.	https://pubmed.ncbi.nlm.nih.gov/22952820/	segregates in >9 individuals in one family
TWNK		TWNK	c.1358G>A	p.R453Q	10.1186/s12881-019-0934-4	31852434	PMC6921552	True	CC BY	Perrault syndrome	Heterozygous	Unknown	Cohort analysis	-	Missense	Broadening the phenotype of the TWNK gene associated Perrault syndrome.	https://pubmed.ncbi.nlm.nih.gov/31852434/	
FAM111B		FAM111B	c.1247T>C	p.Phe416Ser	10.1111/exd.14537	35122327	PMC9344908	True	CC BY	Poikiloderma, hereditary fibrosing, with tendon contractures, myopathy, and pulmonary fibrosis	Heterozygous	Inherited	Cohort analysis	-	Missense	Mutations within the putative protease domain of the human FAM111B gene may predict disease severity and poor prognosis: A review of POIKTMP cases.	https://pubmed.ncbi.nlm.nih.gov/35122327/	
FAM111B		FAM111B	c.1247T>C	p.Phe416Ser	10.1111/exd.14537	35122327	PMC9344908	True	CC BY	Poikiloderma, hereditary fibrosing, with tendon contractures, myopathy, and pulmonary fibrosis	Heterozygous	Inherited	Cohort analysis	-	Missense	Mutations within the putative protease domain of the human FAM111B gene may predict disease severity and poor prognosis: A review of POIKTMP cases.	https://pubmed.ncbi.nlm.nih.gov/35122327/	
FAM111B		FAM111B	c.1261_1263delAAG	p. Lys421del	10.1111/exd.14537	35122327	PMC9344908	True	CC BY	Poikiloderma, hereditary fibrosing, with tendon contractures, myopathy, and pulmonary fibrosis	Heterozygous	Inherited	Cohort analysis	-	Missense	Mutations within the putative protease domain of the human FAM111B gene may predict disease severity and poor prognosis: A review of POIKTMP cases.	https://pubmed.ncbi.nlm.nih.gov/35122327/	
FAM111B		FAM111B	c.1289A>C	p.Gln430Pro	10.1111/exd.14537	35122327	PMC9344908	True	CC BY	Poikiloderma, hereditary fibrosing, with tendon contractures, myopathy, and pulmonary fibrosis	Heterozygous	De novo	Cohort analysis	-	Missense	Mutations within the putative protease domain of the human FAM111B gene may predict disease severity and poor prognosis: A review of POIKTMP cases.	https://pubmed.ncbi.nlm.nih.gov/35122327/	
FAM111B		FAM111B	c.1860T>G	p.Tyr621Asp	10.1111/exd.14537	35122327	PMC9344908	True	CC BY	Poikiloderma, hereditary fibrosing, with tendon contractures, myopathy, and pulmonary fibrosis	Heterozygous	Inherited	Cohort analysis	-	Missense	Mutations within the putative protease domain of the human FAM111B gene may predict disease severity and poor prognosis: A review of POIKTMP cases.	https://pubmed.ncbi.nlm.nih.gov/35122327/	
FAM111B		FAM111B	c.1874C>A	p.Thr625Asn	10.1111/exd.14537	35122327	PMC9344908	True	CC BY	Poikiloderma, hereditary fibrosing, with tendon contractures, myopathy, and pulmonary fibrosis	Heterozygous	De novo	Cohort analysis	-	Missense	Mutations within the putative protease domain of the human FAM111B gene may predict disease severity and poor prognosis: A review of POIKTMP cases.	https://pubmed.ncbi.nlm.nih.gov/35122327/	
UBR5		UBR5	c.1097A>G	p.K366R	10.1371/journal.pone.0130329	26132555	PMC4488844	True	CC BY	[Cardiac arrythmia]	Heterozygous	Unknown	Cohort analysis	-	Missense	Exome Analyses of Long QT Syndrome Reveal Candidate Pathogenic Mutations in Calmodulin-Interacting Genes.	https://pubmed.ncbi.nlm.nih.gov/26132555/	[Cardiac arrythmia] = cohort phenotype
UBR5		UBR5	c.1349G>T	p.R450L	10.1371/journal.pone.0130329	26132555	PMC4488844	True	CC BY	[Cardiac arrythmia]	Heterozygous	Unknown	Cohort analysis	-	Missense	Exome Analyses of Long QT Syndrome Reveal Candidate Pathogenic Mutations in Calmodulin-Interacting Genes.	https://pubmed.ncbi.nlm.nih.gov/26132555/	[Cardiac arrythmia] = cohort phenotype
UBR5		UBR5	c.2965C>T	p.R989W	10.1371/journal.pone.0130329	26132555	PMC4488844	True	CC BY	[Cardiac arrythmia]	Heterozygous	Unknown	Cohort analysis	-	Missense	Exome Analyses of Long QT Syndrome Reveal Candidate Pathogenic Mutations in Calmodulin-Interacting Genes.	https://pubmed.ncbi.nlm.nih.gov/26132555/	[Cardiac arrythmia] = cohort phenotype
UBR5		UBR5	c.5720G>A mutation	p.Arg1907His	10.5402/2012/508308	23029623	PMC3458293	True	CC BY	Myoclonic epilepsy	Heterozygous	Inherited	Case report	-	Missense	UBR5 Gene Mutation Is Associated with Familial Adult Myoclonic Epilepsy in a Japanese Family.	https://pubmed.ncbi.nlm.nih.gov/23029623/	